instance_index,original_test_index,CF_number,distance_to_original,decile1,decile3,fam_inc,lsat,ugpa,fulltime
0,12823,1,1.7320508075688772,3.0,2.0,3.0,34.0,3.7,1.0
0,12823,2,1.7349351572897471,2.0,1.0,3.0,34.0,3.8,1.0
0,12823,3,1.7349351572897473,3.0,1.0,3.0,33.0,3.6,1.0
1,10083,1,0.10000000000000009,2.0,2.0,4.0,34.0,2.8,1.0
1,10083,2,0.5,2.0,2.0,4.0,34.0,3.4,1.0
1,10083,3,0.5385164807134505,2.0,2.0,4.0,33.5,3.1,1.0
2,3378,1,0.20000000000000018,2.0,1.0,2.0,36.0,3.6,1.0
2,3378,2,1.0,3.0,1.0,2.0,36.0,3.4,1.0
2,3378,3,1.0440306508910548,3.0,1.0,2.0,36.0,3.1,1.0
3,14607,1,0.0,4.0,8.0,4.0,32.0,3.1,1.0
3,14607,2,1.469693845669907,4.0,9.0,3.0,32.0,2.7,1.0
3,14607,3,1.5132745950421556,5.0,7.0,4.0,32.5,3.3,1.0
4,6400,1,0.19999999999999973,4.0,7.0,3.0,37.0,3.4,2.0
4,6400,2,1.004987562112089,4.0,7.0,3.0,37.0,3.3,1.0
4,6400,3,1.4177446878757827,4.0,6.0,4.0,37.0,3.1,2.0
5,18000,1,0.0,2.0,1.0,1.0,27.0,2.6,2.0
5,18000,2,1.7320508075688772,1.0,1.0,2.0,27.0,2.6,1.0
5,18000,3,1.7578395831246945,1.0,1.0,2.0,27.0,2.9,1.0
6,10483,1,0.10000000000000009,2.0,2.0,4.0,34.0,2.8,1.0
6,10483,2,0.5,2.0,2.0,4.0,34.0,3.4,1.0
6,10483,3,0.5385164807134505,2.0,2.0,4.0,33.5,3.1,1.0
7,5752,1,0.0,3.0,3.0,3.0,30.0,3.2,1.0
7,5752,2,0.2999999999999998,3.0,3.0,3.0,30.0,3.5,1.0
7,5752,3,0.5099019513592785,3.0,3.0,3.0,29.5,3.1,1.0
8,16102,1,0.0,1.0,2.0,5.0,37.0,3.1,1.0
8,16102,2,1.0440306508910548,1.0,2.0,4.0,37.0,3.4,1.0
8,16102,3,1.1357816691600546,2.0,2.0,5.0,37.5,3.3,1.0
9,11352,1,0.0,5.0,3.0,3.0,29.0,2.8,1.0
9,11352,2,1.019803902718557,5.0,3.0,3.0,30.0,3.0,1.0
9,11352,3,1.044030650891055,5.0,3.0,3.0,28.0,3.1,1.0
10,10500,1,0.0,2.0,2.0,3.0,25.0,2.9,1.0
10,10500,2,0.5,2.0,2.0,3.0,25.0,2.4,1.0
10,10500,3,0.6403124237432848,2.0,2.0,3.0,25.5,3.3,1.0
11,18144,1,0.0,4.0,4.0,3.0,35.0,2.6,1.0
11,18144,2,0.3999999999999999,4.0,4.0,3.0,35.0,3.0,1.0
11,18144,3,0.6000000000000001,4.0,4.0,3.0,35.0,3.2,1.0
12,15612,1,0.0,1.0,2.0,4.0,40.0,3.1,1.0
12,15612,2,1.004987562112089,1.0,2.0,4.0,41.0,3.2,1.0
12,15612,3,1.004987562112089,2.0,2.0,4.0,40.0,3.2,1.0
13,4184,1,0.19999999999999973,9.0,9.0,4.0,40.0,3.1,1.0
13,4184,2,0.30000000000000027,9.0,9.0,4.0,40.0,3.6,1.0
13,4184,3,0.5,9.0,9.0,4.0,40.0,3.8,1.0
14,10723,1,0.30000000000000027,3.0,4.0,4.0,40.0,3.1,1.0
14,10723,2,0.6000000000000001,3.0,4.0,4.0,40.0,3.4,1.0
14,10723,3,1.0,3.0,4.0,4.0,41.0,2.8,1.0
15,18004,1,0.10000000000000009,3.0,3.0,4.0,34.0,2.7,1.0
15,18004,2,0.3999999999999999,3.0,3.0,4.0,34.0,3.0,1.0
15,18004,3,0.6999999999999997,3.0,3.0,4.0,34.0,3.3,1.0
16,18048,1,0.6999999999999997,7.0,7.0,4.0,40.0,3.3,1.0
16,18048,2,1.0440306508910548,7.0,7.0,4.0,41.0,2.9,1.0
16,18048,3,1.044030650891055,7.0,7.0,4.0,39.0,2.3,1.0
17,17231,1,1.019803902718557,1.0,1.0,3.0,34.0,3.2,1.0
17,17231,2,1.019803902718557,1.0,1.0,3.0,34.0,3.2,1.0
17,17231,3,1.0440306508910548,1.0,1.0,3.0,34.0,3.3,1.0
18,17276,1,1.445683229480096,5.0,2.0,4.0,28.0,3.3,1.0
18,17276,2,1.445683229480096,6.0,2.0,4.0,29.0,2.7,1.0
18,17276,3,1.5905973720586863,6.0,2.0,3.0,27.3,3.2,1.0
19,7463,1,0.0,2.0,2.0,3.0,36.0,2.4,1.0
19,7463,2,0.5,2.0,2.0,3.0,36.0,2.9,1.0
19,7463,3,0.7000000000000002,2.0,2.0,3.0,36.0,3.1,1.0
20,2376,1,0.6403124237432848,1.0,2.0,2.0,31.5,3.0,1.0
20,2376,2,1.0770329614269007,1.0,2.0,2.0,31.0,3.0,1.0
20,2376,3,1.118033988749895,1.0,2.0,2.0,31.0,2.9,1.0
21,17670,1,1.004987562112089,1.0,2.0,2.0,24.0,2.9,1.0
21,17670,2,1.019803902718557,1.0,1.0,2.0,23.0,3.2,1.0
21,17670,3,2.0024984394500787,2.0,2.0,3.0,25.0,2.9,1.0
22,7585,1,1.4177446878757827,2.0,4.0,3.0,25.0,2.3,2.0
22,7585,2,1.8027756377319946,2.0,4.0,4.0,26.0,2.9,1.0
22,7585,3,2.4515301344262523,3.0,4.0,4.0,26.0,2.5,1.0
23,7755,1,1.1874342087037917,2.0,2.0,4.0,27.5,2.8,1.0
23,7755,2,1.2000000000000002,2.0,1.0,4.0,27.0,3.6,1.0
23,7755,3,1.3928388277184127,2.0,1.0,4.0,28.3,2.9,1.0
24,5596,1,0.0,7.0,7.0,3.0,24.0,3.2,1.0
24,5596,2,1.224744871391589,6.0,7.0,3.0,23.5,2.7,1.0
24,5596,3,1.4142135623730951,6.0,6.0,3.0,24.0,3.2,1.0
25,9250,1,0.0,3.0,1.0,3.0,33.0,3.6,1.0
25,9250,2,1.0,3.0,2.0,3.0,33.0,3.6,1.0
25,9250,3,1.2206555615733703,3.0,2.0,3.0,33.0,2.9,1.0
26,17454,1,1.019803902718557,5.0,4.0,4.0,31.0,3.2,1.0
26,17454,2,1.019803902718557,6.0,4.0,4.0,30.0,3.2,1.0
26,17454,3,1.0440306508910548,5.0,3.0,4.0,30.0,3.3,1.0
27,16710,1,1.0440306508910548,2.0,2.0,3.0,25.5,3.3,1.0
27,16710,2,1.1224972160321824,2.0,2.0,3.0,25.0,2.9,1.0
27,16710,3,1.2688577540449522,2.0,2.0,3.0,25.0,2.4,1.0
28,15093,1,1.5132745950421556,8.0,4.0,3.0,21.5,2.9,1.0
28,15093,2,1.7578395831246947,8.0,4.0,3.0,22.0,2.8,1.0
28,15093,3,3.0016662039607267,8.0,7.0,1.0,23.0,3.0,1.0
29,3759,1,1.7320508075688772,2.0,4.0,3.0,25.0,2.3,2.0
29,3759,2,1.8681541692269403,1.0,3.0,2.0,24.0,2.6,1.0
29,3759,3,2.4819347291981715,1.0,2.0,2.0,24.0,2.9,1.0
30,11517,1,0.9000000000000004,3.0,2.0,2.0,38.0,3.7,1.0
30,11517,2,1.019803902718557,3.0,2.0,3.0,38.0,3.0,1.0
30,11517,3,1.118033988749895,3.0,3.0,2.0,38.0,3.3,1.0
31,6894,1,1.0440306508910548,5.0,3.0,3.0,33.0,3.5,1.0
31,6894,2,1.044030650891055,5.0,3.0,3.0,33.0,2.9,1.0
31,6894,3,1.1357816691600546,5.0,3.0,3.0,32.5,3.4,1.0
32,9840,1,1.0,1.0,1.0,3.0,36.0,2.9,1.0
32,9840,2,1.004987562112089,1.0,1.0,2.0,35.0,3.0,1.0
32,9840,3,1.004987562112089,1.0,1.0,3.0,36.0,2.8,1.0
33,13984,1,1.044030650891055,1.0,1.0,4.0,31.0,2.4,1.0
33,13984,2,1.0770329614269007,1.0,1.0,4.0,31.0,3.1,1.0
33,13984,3,1.22065556157337,1.0,1.0,5.0,30.0,3.4,1.0
34,4388,1,0.0,7.0,7.0,4.0,40.0,3.3,2.0
34,4388,2,1.0,7.0,7.0,4.0,40.0,3.3,1.0
34,4388,3,1.4142135623730951,7.0,7.0,4.0,41.0,3.3,1.0
35,14328,1,1.004987562112089,1.0,1.0,3.0,28.0,2.8,1.0
35,14328,2,1.063014581273465,2.0,1.0,4.0,28.3,2.9,1.0
35,14328,3,1.4142135623730951,1.0,1.0,3.0,27.0,2.7,1.0
36,10855,1,0.20000000000000018,6.0,2.0,4.0,35.0,3.0,1.0
36,10855,2,1.1224972160321824,5.0,2.0,4.0,34.5,2.9,1.0
36,10855,3,1.4142135623730951,5.0,3.0,4.0,35.0,2.8,1.0
37,4259,1,0.5099019513592785,3.0,2.0,3.0,31.0,3.4,1.0
37,4259,2,0.6403124237432851,3.0,2.0,3.0,30.0,3.7,1.0
37,4259,3,1.004987562112089,2.0,2.0,3.0,30.5,3.4,1.0
38,13649,1,0.10000000000000009,2.0,2.0,3.0,31.0,3.6,1.0
38,13649,2,0.20000000000000018,2.0,2.0,3.0,31.0,3.5,1.0
38,13649,3,0.5830951894845302,2.0,2.0,3.0,30.5,3.4,1.0
39,20092,1,1.4352700094407325,1.0,2.0,4.0,26.5,3.2,1.0
39,20092,2,1.445683229480096,1.0,1.0,5.0,27.0,2.6,1.0
39,20092,3,1.469693845669907,1.0,1.0,3.0,27.0,2.7,1.0
40,6318,1,2.1563858652847823,5.0,3.0,2.0,22.0,2.8,2.0
40,6318,2,2.641968962724581,4.0,2.0,3.0,23.0,2.9,1.0
40,6318,3,2.8513154858766505,8.0,4.0,3.0,21.5,2.9,1.0
41,12065,1,0.0,1.0,1.0,1.0,26.5,3.9,1.0
41,12065,2,1.5,1.0,1.0,2.0,27.0,2.9,1.0
41,12065,3,1.7146428199482244,1.0,1.0,2.0,27.0,2.6,1.0
42,14644,1,0.0,3.0,2.0,3.0,25.5,3.1,1.0
42,14644,2,1.0198039027185568,2.0,2.0,3.0,25.5,3.3,1.0
42,14644,3,1.1357816691600546,2.0,2.0,3.0,25.0,2.9,1.0
43,1869,1,0.6000000000000001,3.0,2.0,5.0,35.0,2.8,1.0
43,1869,2,0.6000000000000001,3.0,2.0,5.0,35.0,2.8,1.0
43,1869,3,1.004987562112089,2.0,2.0,5.0,35.0,3.3,1.0
44,19913,1,0.0,3.0,3.0,3.0,32.0,2.5,1.0
44,19913,2,0.10000000000000009,3.0,3.0,3.0,32.0,2.6,1.0
44,19913,3,0.2999999999999998,3.0,3.0,3.0,32.0,2.8,1.0
45,6314,1,1.0440306508910548,2.0,1.0,3.0,30.0,3.5,1.0
45,6314,2,1.0770329614269007,2.0,2.0,2.0,30.0,3.6,1.0
45,6314,3,1.077032961426901,1.0,1.0,2.0,30.0,2.8,1.0
46,18623,1,0.0,2.0,2.0,3.0,37.5,2.6,1.0
46,18623,2,0.5,2.0,2.0,3.0,38.0,2.6,1.0
46,18623,3,0.7810249675906655,2.0,2.0,3.0,37.0,3.2,1.0
47,6661,1,0.10000000000000009,3.0,2.0,3.0,35.5,3.1,1.0
47,6661,2,0.20000000000000018,3.0,2.0,3.0,35.5,3.0,1.0
47,6661,3,0.5099019513592785,3.0,2.0,3.0,35.0,3.1,1.0
48,10353,1,0.22360679774997838,3.0,2.0,3.0,29.5,3.0,1.0
48,10353,2,1.0392304845413263,3.0,3.0,3.0,29.5,3.1,1.0
48,10353,3,1.0630145812734646,3.0,2.0,3.0,30.0,3.7,1.0
49,3330,1,0.0,2.0,2.0,3.0,30.5,3.4,1.0
49,3330,2,0.5099019513592785,2.0,2.0,3.0,30.0,3.5,1.0
49,3330,3,0.5099019513592785,2.0,2.0,3.0,31.0,3.5,1.0
50,19741,1,1.004987562112089,2.0,2.0,3.0,25.0,2.4,1.0
50,19741,2,1.0770329614269007,2.0,2.0,3.0,25.0,2.9,1.0
50,19741,3,1.3747727084867518,2.0,2.0,3.0,25.5,3.3,1.0
51,18011,1,1.004987562112089,1.0,1.0,4.0,24.0,2.5,1.0
51,18011,2,1.1357816691600546,1.0,1.0,4.0,23.5,2.8,1.0
51,18011,3,1.445683229480096,1.0,2.0,2.0,24.0,2.9,1.0
52,16712,1,0.0,2.0,1.0,2.0,39.0,3.0,1.0
52,16712,2,1.004987562112089,2.0,2.0,2.0,39.0,3.1,1.0
52,16712,3,1.019803902718557,2.0,1.0,3.0,39.0,2.8,1.0
53,6141,1,0.0,3.0,1.0,5.0,33.0,3.2,1.0
53,6141,2,1.004987562112089,3.0,2.0,5.0,33.0,3.3,1.0
53,6141,3,1.4177446878757824,3.0,2.0,4.0,33.0,3.3,1.0
54,2844,1,0.0,5.0,4.0,4.0,36.0,3.4,1.0
54,2844,2,0.0,5.0,4.0,4.0,36.0,3.4,1.0
54,2844,3,0.19999999999999973,5.0,4.0,4.0,36.0,3.2,1.0
55,2276,1,1.044030650891055,1.0,1.0,4.0,27.0,3.7,1.0
55,2276,2,1.1357816691600546,1.0,2.0,4.0,26.5,3.2,1.0
55,2276,3,1.42828568570857,2.0,1.0,4.0,27.0,3.6,1.0
56,10037,1,0.6403124237432848,4.0,6.0,4.0,33.0,3.3,1.0
56,10037,2,0.9433981132056606,4.0,6.0,4.0,33.0,3.7,1.0
56,10037,3,1.1357816691600546,5.0,6.0,4.0,33.0,2.7,1.0
57,18437,1,1.0954451150103321,1.0,1.0,3.0,31.3,3.0,1.0
57,18437,2,1.118033988749895,2.0,1.0,4.0,32.0,2.6,1.0
57,18437,3,1.118033988749895,2.0,1.0,4.0,32.0,2.6,1.0
58,18167,1,1.42828568570857,5.0,3.0,2.0,22.0,2.8,2.0
58,18167,2,1.7578395831246945,3.0,3.0,3.0,23.0,2.9,1.0
58,18167,3,1.7578395831246945,4.0,2.0,3.0,23.0,2.9,1.0
59,2505,1,0.0,4.0,4.0,3.0,31.0,3.4,1.0
59,2505,2,0.20000000000000018,4.0,4.0,3.0,31.0,3.6,1.0
59,2505,3,0.2999999999999998,4.0,4.0,3.0,31.0,3.1,1.0
60,16278,1,0.6000000000000001,1.0,1.0,4.0,37.0,3.7,1.0
60,16278,2,0.6000000000000001,1.0,1.0,4.0,37.0,3.7,1.0
60,16278,3,1.0,2.0,1.0,4.0,37.0,3.1,1.0
61,11598,1,0.9000000000000004,2.0,1.0,3.0,36.0,3.7,1.0
61,11598,2,1.0,2.0,1.0,4.0,36.0,2.8,1.0
61,11598,3,1.0,1.0,1.0,3.0,36.0,2.8,1.0
62,5477,1,1.22065556157337,6.0,5.0,3.0,31.0,2.9,1.0
62,5477,2,1.2569805089976536,6.0,5.0,3.0,31.3,2.9,1.0
62,5477,3,1.2806248474865696,6.0,4.0,2.0,31.0,3.0,1.0
63,133,1,0.7071067811865476,5.0,3.0,4.0,33.5,3.0,1.0
63,133,2,1.0,5.0,3.0,4.0,34.0,3.5,1.0
63,133,3,1.0,5.0,3.0,3.0,33.0,3.5,1.0
64,9637,1,1.1575836902790226,1.0,1.0,3.0,34.0,3.2,1.0
64,9637,2,1.1575836902790226,1.0,1.0,3.0,34.0,3.2,1.0
64,9637,3,1.1874342087037917,1.0,1.0,3.0,34.0,3.3,1.0
65,18127,1,0.0,1.0,3.0,2.0,24.0,2.6,1.0
65,18127,2,1.0440306508910548,1.0,2.0,2.0,24.0,2.9,1.0
65,18127,3,2.009975124224178,2.0,2.0,3.0,25.0,2.4,1.0
66,13939,1,0.20000000000000018,1.0,1.0,4.0,39.0,2.5,1.0
66,13939,2,0.7999999999999998,1.0,1.0,4.0,39.0,3.5,1.0
66,13939,3,1.004987562112089,1.0,1.0,4.0,40.0,2.8,1.0
67,5916,1,0.0,1.0,2.0,4.0,26.5,3.2,1.0
67,5916,2,1.224744871391589,1.0,1.0,4.0,27.0,3.7,1.0
67,5916,3,1.319090595827292,1.0,2.0,5.0,27.0,2.5,1.0
68,19771,1,1.0440306508910548,1.0,1.0,3.0,36.0,2.8,1.0
68,19771,2,1.0440306508910548,1.0,1.0,3.0,38.0,2.8,1.0
68,19771,3,1.0770329614269007,1.0,1.0,3.0,36.0,2.9,1.0
69,795,1,1.0770329614269007,1.0,1.0,1.0,26.5,3.9,1.0
69,795,2,1.2688577540449522,1.0,1.0,2.0,27.0,2.9,1.0
69,795,3,1.4352700094407322,1.0,1.0,2.0,27.0,2.6,1.0
70,6325,1,0.19999999999999973,2.0,2.0,4.0,34.0,3.4,1.0
70,6325,2,0.2999999999999998,2.0,2.0,4.0,34.0,3.5,1.0
70,6325,3,0.40000000000000036,2.0,2.0,4.0,34.0,2.8,1.0
71,3387,1,0.5385164807134505,2.0,1.0,2.0,36.0,3.6,1.0
71,3387,2,1.0295630140987,2.0,1.0,2.0,35.0,2.5,1.0
71,3387,3,1.118033988749895,3.0,1.0,2.0,36.0,3.4,1.0
72,464,1,0.0,2.0,1.0,3.0,30.0,3.5,1.0
72,464,2,1.0,2.0,2.0,3.0,30.0,3.5,1.0
72,464,3,1.0,1.0,1.0,3.0,30.0,3.5,1.0
73,16392,1,0.58309518948453,3.0,2.0,3.0,31.0,3.4,1.0
73,16392,2,1.118033988749895,3.0,3.0,3.0,32.0,3.1,1.0
73,16392,3,1.118033988749895,4.0,2.0,3.0,31.0,3.1,1.0
74,4294,1,0.2999999999999998,4.0,5.0,4.0,35.0,3.0,1.0
74,4294,2,0.3999999999999999,4.0,5.0,4.0,35.0,2.9,1.0
74,4294,3,0.3999999999999999,4.0,5.0,4.0,35.0,2.9,1.0
75,9991,1,1.4142135623730951,1.0,2.0,2.0,24.0,2.9,1.0
75,9991,2,1.445683229480096,1.0,1.0,2.0,23.0,3.2,1.0
75,9991,3,2.009975124224178,2.0,2.0,1.0,25.0,2.7,2.0
76,10911,1,0.0,1.0,1.0,5.0,35.0,2.8,1.0
76,10911,2,1.1575836902790226,1.0,1.0,4.0,35.5,3.1,1.0
76,10911,3,1.4177446878757827,2.0,1.0,4.0,35.0,2.9,1.0
77,2606,1,0.0,3.0,2.0,3.0,31.0,3.4,1.0
77,2606,2,1.004987562112089,3.0,2.0,4.0,31.0,3.3,1.0
77,2606,3,1.004987562112089,2.0,2.0,3.0,31.0,3.5,1.0
78,7338,1,0.10000000000000009,2.0,2.0,3.0,35.0,3.1,1.0
78,7338,2,0.40000000000000036,2.0,2.0,3.0,35.0,2.8,1.0
78,7338,3,0.5,2.0,2.0,3.0,35.0,3.7,1.0
79,7134,1,0.5099019513592785,1.0,1.0,4.0,35.5,3.1,1.0
79,7134,2,1.0198039027185568,1.0,2.0,4.0,35.0,3.4,1.0
79,7134,3,1.019803902718557,2.0,1.0,4.0,35.0,3.0,1.0
80,6799,1,0.19999999999999973,4.0,3.0,4.0,36.0,3.4,1.0
80,6799,2,0.2999999999999998,4.0,3.0,4.0,36.0,3.5,1.0
80,6799,3,0.5,4.0,3.0,4.0,36.0,3.7,1.0
81,7767,1,0.6000000000000001,2.0,1.0,3.0,41.0,3.0,1.0
81,7767,2,1.28062484748657,2.0,2.0,3.0,41.0,3.2,1.0
81,7767,3,1.28062484748657,2.0,1.0,4.0,41.0,3.2,1.0
82,18557,1,0.3605551275463984,2.0,1.0,4.0,28.3,2.9,1.0
82,18557,2,0.6403124237432848,2.0,1.0,4.0,29.0,3.0,1.0
82,18557,3,1.019803902718557,2.0,1.0,5.0,28.5,2.4,1.0
83,18207,1,0.0,2.0,1.0,4.0,40.0,2.6,1.0
83,18207,2,0.3999999999999999,2.0,1.0,4.0,40.0,2.2,1.0
83,18207,3,1.004987562112089,1.0,1.0,4.0,40.0,2.5,1.0
84,16495,1,1.0440306508910548,2.0,2.0,2.0,29.0,2.7,1.0
84,16495,2,1.118033988749895,3.0,2.0,3.0,29.5,3.0,1.0
84,16495,3,1.1224972160321824,3.0,3.0,2.0,29.5,2.9,1.0
85,16584,1,0.0,4.0,4.0,4.0,32.5,3.0,1.0
85,16584,2,0.5099019513592785,4.0,4.0,4.0,33.0,3.1,1.0
85,16584,3,0.58309518948453,4.0,4.0,4.0,32.0,3.3,1.0
86,8930,1,1.019803902718557,1.0,1.0,3.0,31.0,3.4,1.0
86,8930,2,1.118033988749895,1.0,1.0,1.0,31.0,3.1,1.0
86,8930,3,1.1661903789690602,1.0,2.0,2.0,31.0,3.0,1.0
87,11616,1,0.30000000000000027,3.0,3.0,3.0,34.0,3.1,1.0
87,11616,2,0.30000000000000027,3.0,3.0,3.0,34.0,3.1,1.0
87,11616,3,1.0,4.0,3.0,3.0,34.0,2.8,1.0
88,19664,1,1.004987562112089,3.0,3.0,3.0,41.0,2.6,1.0
88,19664,2,1.118033988749895,4.0,3.0,3.0,40.0,3.0,1.0
88,19664,3,1.1661903789690602,3.0,3.0,4.0,40.0,3.1,1.0
89,10862,1,0.0,3.0,3.0,4.0,32.0,2.8,1.0
89,10862,2,1.0,3.0,3.0,3.0,32.0,2.8,1.0
89,10862,3,1.004987562112089,3.0,3.0,3.0,32.0,2.9,1.0
90,10507,1,0.10000000000000009,2.0,1.0,3.0,39.0,2.8,1.0
90,10507,2,0.7000000000000002,2.0,1.0,3.0,39.0,3.6,1.0
90,10507,3,1.004987562112089,2.0,1.0,2.0,39.0,3.0,1.0
91,400,1,0.0,2.0,2.0,5.0,32.0,3.5,1.0
91,400,2,1.0770329614269007,2.0,1.0,5.0,32.0,3.1,1.0
91,400,3,1.1661903789690602,2.0,2.0,4.0,32.0,2.9,1.0
92,9788,1,1.004987562112089,4.0,1.0,3.0,37.0,3.0,1.0
92,9788,2,1.004987562112089,3.0,2.0,3.0,37.0,3.0,1.0
92,9788,3,1.044030650891055,3.0,2.0,3.0,37.0,3.2,1.0
93,740,1,0.0,1.0,2.0,4.0,31.0,3.5,1.0
93,740,2,0.6000000000000001,1.0,2.0,4.0,31.0,2.9,1.0
93,740,3,0.7071067811865476,1.0,2.0,4.0,31.5,3.0,1.0
94,17677,1,0.7000000000000002,2.0,1.0,3.0,36.0,3.7,1.0
94,17677,2,1.004987562112089,1.0,1.0,3.0,36.0,2.9,1.0
94,17677,3,1.004987562112089,1.0,1.0,3.0,36.0,3.1,1.0
95,18473,1,1.004987562112089,1.0,1.0,3.0,27.0,2.7,1.0
95,18473,2,1.4142135623730951,1.0,1.0,2.0,27.0,2.6,1.0
95,18473,3,1.4142135623730951,2.0,1.0,4.0,27.0,3.6,1.0
96,10747,1,0.30000000000000027,1.0,1.0,4.0,31.0,3.1,1.0
96,10747,2,0.3999999999999999,1.0,1.0,4.0,31.0,2.4,1.0
96,10747,3,1.004987562112089,1.0,2.0,4.0,31.0,2.9,1.0
97,9517,1,1.0,2.0,1.0,4.0,32.0,2.9,1.0
97,9517,2,1.004987562112089,2.0,1.0,4.0,32.0,2.8,1.0
97,9517,3,1.019803902718557,1.0,1.0,4.0,31.0,3.1,1.0
98,16775,1,0.5,1.0,1.0,4.0,42.0,3.5,1.0
98,16775,2,0.5,1.0,1.0,4.0,42.0,2.5,1.0
98,16775,3,0.5,1.0,1.0,4.0,42.0,3.5,1.0
99,6310,1,0.0,3.0,2.0,5.0,37.0,3.2,1.0
99,6310,2,1.0,3.0,2.0,4.0,37.0,3.2,1.0
99,6310,3,1.004987562112089,3.0,3.0,5.0,37.0,3.1,1.0
100,7742,1,0.0,2.0,2.0,3.0,25.0,2.4,1.0
100,7742,2,0.5,2.0,2.0,3.0,25.0,2.9,1.0
100,7742,3,1.0295630140987,2.0,2.0,3.0,25.5,3.3,1.0
101,20368,1,1.22065556157337,1.0,1.0,2.0,30.0,2.8,1.0
101,20368,2,1.4,1.0,1.0,3.0,30.0,3.5,1.0
101,20368,3,1.445683229480096,1.0,1.0,4.0,31.0,2.4,1.0
102,20218,1,0.0,5.0,5.0,3.0,23.0,2.3,1.0
102,20218,2,1.9519221295943137,6.0,6.0,3.0,24.0,3.2,1.0
102,20218,3,2.154065922853802,4.0,4.0,4.0,24.0,3.1,1.0
103,19932,1,0.0,2.0,1.0,2.0,35.0,2.5,1.0
103,19932,2,1.118033988749895,1.0,1.0,2.0,35.0,3.0,1.0
103,19932,3,1.2806248474865696,2.0,1.0,3.0,35.0,3.3,1.0
104,18404,1,1.22065556157337,4.0,2.0,5.0,30.0,3.3,1.0
104,18404,2,1.5,3.0,1.0,4.0,30.0,3.1,1.0
104,18404,3,1.5811388300841898,5.0,1.0,4.0,29.5,3.1,1.0
105,15928,1,0.0,3.0,4.0,4.0,32.0,3.1,1.0
105,15928,2,1.0,3.0,4.0,4.0,33.0,3.1,1.0
105,15928,3,1.0198039027185568,4.0,4.0,4.0,32.0,3.3,1.0
106,11545,1,0.19999999999999973,3.0,2.0,4.0,37.0,2.6,1.0
106,11545,2,0.20000000000000018,3.0,2.0,4.0,37.0,3.0,1.0
106,11545,3,0.2999999999999998,3.0,2.0,4.0,37.0,2.5,1.0
107,19902,1,0.7810249675906655,2.0,1.0,4.0,30.5,3.1,1.0
107,19902,2,1.004987562112089,2.0,1.0,4.0,32.0,2.6,1.0
107,19902,3,1.004987562112089,1.0,1.0,4.0,31.0,2.4,1.0
108,11636,1,0.0,1.0,1.0,5.0,38.0,2.8,2.0
108,11636,2,1.004987562112089,1.0,1.0,5.0,38.0,2.9,1.0
108,11636,3,1.445683229480096,1.0,1.0,5.0,37.0,2.5,1.0
109,15078,1,1.004987562112089,1.0,2.0,2.0,29.0,3.0,1.0
109,15078,2,1.044030650891055,1.0,1.0,2.0,30.0,2.8,1.0
109,15078,3,1.224744871391589,1.0,1.0,3.0,29.5,3.6,1.0
110,7745,1,0.0,4.0,2.0,3.0,39.0,2.4,1.0
110,7745,2,1.1,4.0,2.0,3.0,39.0,3.5,1.0
110,7745,3,1.1661903789690602,3.0,2.0,3.0,39.0,3.0,1.0
111,6654,1,0.20000000000000018,2.0,1.0,4.0,35.0,3.0,1.0
111,6654,2,0.20000000000000018,2.0,1.0,4.0,35.0,3.0,1.0
111,6654,3,0.30000000000000027,2.0,1.0,4.0,35.0,2.9,1.0
112,3915,1,1.004987562112089,2.0,2.0,4.0,44.0,3.2,1.0
112,3915,2,1.0198039027185568,2.0,2.0,3.0,43.0,3.1,1.0
112,3915,3,1.044030650891055,2.0,2.0,4.0,44.0,3.6,1.0
113,1639,1,0.58309518948453,3.0,2.0,4.0,36.0,3.2,1.0
113,1639,2,0.7071067811865476,3.0,2.0,4.0,36.0,3.0,1.0
113,1639,3,0.7810249675906655,3.0,2.0,4.0,35.0,2.9,1.0
114,224,1,0.0,8.0,7.0,3.0,38.0,3.5,1.0
114,224,2,0.10000000000000009,8.0,7.0,3.0,38.0,3.6,1.0
114,224,3,0.3999999999999999,8.0,7.0,3.0,38.0,3.1,1.0
115,10140,1,1.4177446878757827,2.0,1.0,3.0,21.0,3.0,1.0
115,10140,2,1.5,1.0,1.0,3.0,20.0,3.4,1.0
115,10140,3,2.41039415863879,1.0,1.0,2.0,22.0,3.8,1.0
116,18330,1,0.5,3.0,2.0,4.0,34.0,2.1,1.0
116,18330,2,1.004987562112089,3.0,3.0,4.0,34.0,2.7,1.0
116,18330,3,1.0198039027185568,2.0,2.0,4.0,34.0,2.8,1.0
117,4743,1,0.0,2.0,2.0,3.0,32.5,3.3,1.0
117,4743,2,0.5099019513592784,2.0,2.0,3.0,32.0,3.2,1.0
117,4743,3,0.5099019513592785,2.0,2.0,3.0,33.0,3.4,1.0
118,5461,1,0.58309518948453,1.0,1.0,4.0,24.0,2.5,1.0
118,5461,2,1.16619037896906,1.0,1.0,4.0,23.5,2.8,1.0
118,5461,3,1.8138357147217055,2.0,2.0,3.0,25.0,2.4,1.0
119,16981,1,0.8999999999999999,1.0,1.0,1.0,26.5,3.9,1.0
119,16981,2,1.1224972160321824,1.0,1.0,2.0,27.0,2.9,1.0
119,16981,3,1.1874342087037917,1.0,1.0,2.0,27.0,2.6,1.0
120,14512,1,1.0440306508910548,6.0,4.0,3.0,32.0,3.0,1.0
120,14512,2,1.0770329614269007,6.0,4.0,4.0,33.0,3.1,1.0
120,14512,3,1.0770329614269007,5.0,4.0,4.0,32.0,3.1,1.0
121,13564,1,0.0,4.0,3.0,3.0,27.0,3.7,1.0
121,13564,2,1.019803902718557,4.0,3.0,3.0,28.0,3.5,1.0
121,13564,3,1.077032961426901,4.0,3.0,3.0,26.0,3.3,1.0
122,9249,1,0.0,1.0,1.0,3.0,29.5,3.6,1.0
122,9249,2,0.5099019513592785,1.0,1.0,3.0,30.0,3.5,1.0
122,9249,3,1.004987562112089,1.0,1.0,4.0,29.5,3.7,1.0
123,17787,1,0.0,1.0,1.0,5.0,39.5,3.0,1.0
123,17787,2,1.1357816691600546,1.0,2.0,5.0,39.0,3.2,1.0
123,17787,3,1.1357816691600546,1.0,1.0,4.0,40.0,2.8,1.0
124,20171,1,0.0,3.0,1.0,2.0,31.0,2.3,2.0
124,20171,2,1.6763054614240211,3.0,1.0,2.0,32.0,3.2,1.0
124,20171,3,1.7916472867168918,2.0,1.0,3.0,31.0,3.4,2.0
125,5705,1,2.835489375751565,1.0,1.0,3.0,20.0,3.4,1.0
125,5705,2,3.0016662039607267,2.0,3.0,3.0,20.0,3.3,1.0
125,5705,3,3.014962686336267,2.0,1.0,1.0,20.0,2.9,1.0
126,17941,1,0.10000000000000009,3.0,3.0,4.0,36.0,2.9,1.0
126,17941,2,0.10000000000000009,3.0,3.0,4.0,36.0,3.1,1.0
126,17941,3,0.3999999999999999,3.0,3.0,4.0,36.0,2.6,1.0
127,11721,1,0.0,3.0,3.0,3.0,32.0,2.8,1.0
127,11721,2,0.10000000000000009,3.0,3.0,3.0,32.0,2.9,1.0
127,11721,3,0.19999999999999973,3.0,3.0,3.0,32.0,2.6,1.0
128,14096,1,1.445683229480096,2.0,1.0,3.0,21.0,3.0,1.0
128,14096,2,1.57797338380595,1.0,1.0,3.0,20.0,3.4,1.0
128,14096,3,2.315167380558045,2.0,3.0,3.0,20.0,3.3,1.0
129,14047,1,2.753179979587241,3.0,2.0,2.0,20.7,2.4,2.0
129,14047,2,3.0,3.0,3.0,2.0,20.0,2.7,1.0
129,14047,3,3.163858403911275,5.0,3.0,2.0,22.0,2.8,2.0
130,20346,1,1.2083045973594573,1.0,1.0,2.0,23.0,3.2,1.0
130,20346,2,1.3747727084867518,1.0,2.0,2.0,24.0,2.9,1.0
130,20346,3,2.1,1.0,1.0,4.0,24.0,2.5,1.0
131,15523,1,0.0,3.0,1.0,5.0,39.0,3.1,1.0
131,15523,2,1.044030650891055,3.0,1.0,4.0,39.0,2.8,1.0
131,15523,3,1.0770329614269007,3.0,1.0,4.0,39.0,2.7,1.0
132,5490,1,0.0,2.0,1.0,4.0,40.0,2.2,1.0
132,5490,2,0.3999999999999999,2.0,1.0,4.0,40.0,2.6,1.0
132,5490,3,1.0440306508910548,1.0,1.0,4.0,40.0,2.5,1.0
133,17074,1,0.5,1.0,1.0,3.0,33.0,3.5,1.0
133,17074,2,1.019803902718557,1.0,1.0,3.0,34.0,3.2,1.0
133,17074,3,1.019803902718557,1.0,1.0,3.0,34.0,3.2,1.0
134,11100,1,0.5385164807134505,3.0,2.0,3.0,29.5,3.0,1.0
134,11100,2,0.9000000000000004,3.0,2.0,3.0,30.0,3.7,1.0
134,11100,3,1.044030650891055,2.0,2.0,3.0,30.0,3.1,1.0
135,11978,1,0.0,3.0,2.0,2.0,40.0,3.9,1.0
135,11978,2,0.6000000000000001,3.0,2.0,2.0,40.0,3.3,1.0
135,11978,3,1.0198039027185568,3.0,2.0,2.0,39.0,3.7,1.0
136,5496,1,1.7435595774162693,2.0,5.0,3.0,22.0,2.4,1.0
136,5496,2,1.8681541692269403,3.0,3.0,3.0,23.0,2.9,1.0
136,5496,3,2.41039415863879,4.0,4.0,4.0,24.0,3.1,1.0
137,10818,1,0.0,1.0,1.0,3.0,28.0,2.8,1.0
137,10818,2,1.004987562112089,1.0,1.0,3.0,27.0,2.7,1.0
137,10818,3,1.019803902718557,1.0,1.0,4.0,28.0,3.0,1.0
138,17456,1,0.3999999999999999,5.0,4.0,4.0,35.0,3.4,1.0
138,17456,2,0.5,5.0,4.0,4.0,35.0,3.5,1.0
138,17456,3,1.0,5.0,3.0,4.0,35.0,3.0,1.0
139,10929,1,0.10000000000000009,5.0,1.0,4.0,34.0,2.9,1.0
139,10929,2,0.7810249675906655,5.0,1.0,4.0,33.5,3.4,1.0
139,10929,3,1.004987562112089,4.0,1.0,4.0,34.0,2.9,1.0
140,7639,1,1.118033988749895,5.0,3.0,3.0,42.0,2.9,1.0
140,7639,2,1.42828568570857,5.0,3.0,4.0,42.0,2.6,1.0
140,7639,3,1.42828568570857,5.0,3.0,4.0,42.0,2.6,1.0
141,10394,1,0.30000000000000027,1.0,1.0,4.0,29.0,3.2,1.0
141,10394,2,0.9433981132056606,1.0,1.0,4.0,29.5,3.7,1.0
141,10394,3,1.004987562112089,2.0,1.0,4.0,29.0,3.0,1.0
142,15067,1,0.10000000000000009,3.0,3.0,4.0,34.0,3.0,1.0
142,15067,2,0.19999999999999973,3.0,3.0,4.0,34.0,3.3,1.0
142,15067,3,0.3999999999999999,3.0,3.0,4.0,34.0,2.7,1.0
143,10300,1,0.0,1.0,1.0,5.0,38.0,2.9,1.0
143,10300,2,1.004987562112089,1.0,1.0,5.0,38.0,2.8,2.0
143,10300,3,1.0770329614269007,1.0,1.0,5.0,37.0,2.5,1.0
144,18292,1,0.6999999999999997,3.0,2.0,3.0,24.0,3.3,1.0
144,18292,2,1.42828568570857,2.0,2.0,3.0,25.0,2.4,1.0
144,18292,3,1.445683229480096,3.0,3.0,3.0,23.0,2.9,1.0
145,13931,1,1.0,2.0,1.0,3.0,36.0,3.7,1.0
145,13931,2,1.004987562112089,2.0,1.0,4.0,36.0,2.8,1.0
145,13931,3,1.004987562112089,1.0,1.0,3.0,36.0,2.8,1.0
146,15999,1,1.004987562112089,8.0,6.0,2.0,33.0,3.2,2.0
146,15999,2,1.0440306508910548,8.0,6.0,3.0,32.0,3.4,2.0
146,15999,3,1.0770329614269007,8.0,6.0,3.0,33.0,3.5,1.0
147,3540,1,0.3999999999999999,5.0,3.0,4.0,35.0,3.0,1.0
147,3540,2,0.5,5.0,3.0,4.0,35.0,2.9,1.0
147,3540,3,0.6000000000000001,5.0,3.0,4.0,35.0,2.8,1.0
148,10004,1,1.4177446878757824,3.0,1.0,2.0,27.0,3.0,1.0
148,10004,2,1.42828568570857,3.0,1.0,2.0,27.0,3.1,1.0
148,10004,3,1.445683229480096,4.0,1.0,2.0,27.0,2.6,2.0
149,9917,1,0.0,2.0,1.0,1.0,29.0,2.9,1.0
149,9917,2,1.118033988749895,2.0,1.0,1.0,30.0,2.4,1.0
149,9917,3,1.42828568570857,2.0,2.0,2.0,29.0,2.7,1.0
150,10879,1,0.0,2.0,1.0,4.0,36.0,2.8,1.0
150,10879,2,0.40000000000000036,2.0,1.0,4.0,36.0,3.2,1.0
150,10879,3,1.004987562112089,2.0,2.0,4.0,36.0,2.7,1.0
151,10060,1,0.8602325267042628,1.0,1.0,3.0,29.5,3.6,1.0
151,10060,2,1.004987562112089,1.0,2.0,3.0,29.0,2.8,1.0
151,10060,3,1.004987562112089,1.0,1.0,3.0,28.0,2.8,1.0
152,6978,1,0.0,6.0,2.0,3.0,27.3,3.2,1.0
152,6978,2,1.5811388300841893,5.0,2.0,4.0,28.0,3.3,1.0
152,6978,3,1.5811388300841893,5.0,3.0,3.0,28.0,3.1,1.0
153,5515,1,0.5999999999999996,1.0,1.0,3.0,28.0,2.8,1.0
153,5515,2,1.0440306508910548,1.0,1.0,3.0,28.0,2.5,2.0
153,5515,3,1.118033988749895,1.0,1.0,3.0,27.0,2.7,1.0
154,13644,1,1.077032961426901,1.0,2.0,3.0,29.0,3.3,1.0
154,13644,2,1.2206555615733703,1.0,2.0,3.0,29.0,3.0,1.0
154,13644,3,1.3453624047073711,1.0,1.0,3.0,28.0,2.8,1.0
155,4196,1,0.19999999999999973,9.0,9.0,4.0,40.0,3.1,1.0
155,4196,2,0.30000000000000027,9.0,9.0,4.0,40.0,3.6,1.0
155,4196,3,0.5,9.0,9.0,4.0,40.0,3.8,1.0
156,7084,1,0.5099019513592785,1.0,1.0,4.0,31.0,3.1,1.0
156,7084,2,0.9433981132056606,1.0,1.0,4.0,31.0,2.4,1.0
156,7084,3,1.004987562112089,2.0,1.0,4.0,30.5,3.1,1.0
157,16316,1,0.30000000000000027,1.0,1.0,4.0,40.0,2.8,1.0
157,16316,2,0.6000000000000001,1.0,1.0,4.0,40.0,2.5,1.0
157,16316,3,1.0,1.0,2.0,4.0,40.0,3.1,1.0
158,16137,1,1.0770329614269007,2.0,2.0,2.0,29.0,2.7,1.0
158,16137,2,1.4177446878757827,1.0,2.0,2.0,29.0,3.0,1.0
158,16137,3,1.445683229480096,3.0,1.0,2.0,28.0,3.4,1.0
159,5114,1,1.5,1.0,1.0,4.0,23.5,2.8,1.0
159,5114,2,1.972308292331602,1.0,1.0,4.0,24.0,2.5,1.0
159,5114,3,2.4758836806279896,2.0,2.0,3.0,22.7,3.6,1.0
160,18183,1,0.0,3.0,3.0,3.0,41.0,2.6,1.0
160,18183,2,1.0,3.0,2.0,3.0,41.0,2.6,1.0
160,18183,3,1.0440306508910548,3.0,3.0,3.0,42.0,2.9,1.0
161,9369,1,0.10000000000000009,5.0,6.0,3.0,39.0,3.7,1.0
161,9369,2,0.5,5.0,6.0,3.0,39.0,3.1,1.0
161,9369,3,1.0198039027185568,4.0,6.0,3.0,39.0,3.8,1.0
162,13661,1,0.0,2.0,1.0,3.0,36.0,3.7,1.0
162,13661,2,1.004987562112089,2.0,1.0,2.0,36.0,3.6,1.0
162,13661,3,1.004987562112089,2.0,2.0,3.0,36.0,3.6,1.0
163,18021,1,1.0198039027185568,2.0,1.0,4.0,36.0,2.8,1.0
163,18021,2,1.0198039027185568,1.0,1.0,3.0,36.0,2.8,1.0
163,18021,3,1.019803902718557,2.0,2.0,3.0,36.0,2.4,1.0
164,14233,1,1.42828568570857,2.0,2.0,3.0,25.0,2.9,1.0
164,14233,2,1.42828568570857,1.0,1.0,4.0,24.0,2.5,1.0
164,14233,3,1.445683229480096,2.0,2.0,3.0,25.0,2.4,1.0
165,10529,1,0.30000000000000027,2.0,1.0,4.0,38.0,3.2,1.0
165,10529,2,0.7071067811865476,2.0,1.0,4.0,38.5,3.4,1.0
165,10529,3,1.0,2.0,2.0,4.0,38.0,2.9,1.0
166,9845,1,1.1575836902790226,1.0,1.0,3.0,34.0,3.2,1.0
166,9845,2,1.1575836902790226,1.0,1.0,3.0,34.0,3.2,1.0
166,9845,3,1.1874342087037917,1.0,1.0,3.0,34.0,3.3,1.0
167,18662,1,0.09999999999999964,1.0,1.0,4.0,37.0,3.7,1.0
167,18662,2,0.09999999999999964,1.0,1.0,4.0,37.0,3.7,1.0
167,18662,3,1.004987562112089,1.0,1.0,4.0,36.0,3.7,1.0
168,20182,1,1.3038404810405295,1.0,1.0,3.0,20.0,3.4,1.0
168,20182,2,2.0928449536456344,2.0,1.0,3.0,21.0,3.0,1.0
168,20182,3,2.4186773244895647,2.0,1.0,1.0,20.0,2.9,1.0
169,12614,1,0.0,4.0,3.0,3.0,30.0,3.7,1.0
169,12614,2,0.9433981132056606,4.0,3.0,3.0,29.5,2.9,1.0
169,12614,3,1.019803902718557,3.0,3.0,3.0,30.0,3.5,1.0
170,14429,1,1.0,5.0,4.0,4.0,31.0,2.7,1.0
170,14429,2,1.0770329614269007,4.0,3.0,4.0,31.0,3.1,1.0
170,14429,3,1.0770329614269007,4.0,3.0,4.0,31.0,3.1,1.0
171,3976,1,0.09999999999999964,3.0,2.0,4.0,36.0,3.2,1.0
171,3976,2,0.2999999999999998,3.0,2.0,4.0,36.0,3.0,1.0
171,3976,3,0.6999999999999997,3.0,2.0,4.0,36.0,2.6,1.0
172,18206,1,1.345362404707371,5.0,3.0,3.0,24.0,3.5,1.0
172,18206,2,1.445683229480096,5.0,5.0,3.0,23.0,2.3,1.0
172,18206,3,1.5,4.0,4.0,4.0,24.0,3.1,1.0
173,14004,1,4.158124577258358,8.0,4.0,3.0,21.5,2.9,1.0
173,14004,2,4.583666654546336,4.0,4.0,1.0,20.0,2.8,1.0
173,14004,3,4.583666654546336,8.0,4.0,3.0,22.0,2.8,1.0
174,10511,1,1.445683229480096,4.0,2.0,1.0,30.0,2.6,1.0
174,10511,2,1.7349351572897473,4.0,2.0,3.0,31.0,3.0,1.0
174,10511,3,1.7435595774162693,4.0,2.0,3.0,31.0,3.1,1.0
175,2466,1,0.19999999999999973,1.0,1.0,3.0,38.0,3.2,1.0
175,2466,2,0.3999999999999999,1.0,1.0,3.0,38.0,3.8,1.0
175,2466,3,0.6000000000000001,1.0,1.0,3.0,38.0,2.8,1.0
176,9661,1,1.0,1.0,1.0,3.0,36.0,2.9,1.0
176,9661,2,1.004987562112089,1.0,1.0,2.0,35.0,3.0,1.0
176,9661,3,1.004987562112089,1.0,1.0,3.0,36.0,2.8,1.0
177,4633,1,0.0,1.0,2.0,3.0,36.0,3.3,1.0
177,4633,2,0.19999999999999973,1.0,2.0,3.0,36.0,3.1,1.0
177,4633,3,0.40000000000000036,1.0,2.0,3.0,36.0,3.7,1.0
178,16557,1,1.0,7.0,9.0,4.0,35.0,3.0,1.0
178,16557,2,1.118033988749895,6.0,8.0,4.0,35.0,3.5,1.0
178,16557,3,1.2206555615733703,6.0,8.0,4.0,35.0,3.7,1.0
179,20211,1,1.118033988749895,1.0,1.0,3.0,28.0,2.8,1.0
179,20211,2,1.2041594578792298,2.0,1.0,4.0,28.3,2.9,1.0
179,20211,3,1.42828568570857,1.0,1.0,3.0,28.0,2.5,2.0
180,7671,1,0.0,3.0,2.0,2.0,20.7,2.4,2.0
180,7671,2,1.6062378404209008,3.0,3.0,2.0,20.0,2.7,1.0
180,7671,3,2.1095023109728985,2.0,1.0,3.0,21.0,3.0,1.0
181,6395,1,0.0,4.0,3.0,4.0,35.0,3.2,1.0
181,6395,2,0.09999999999999964,4.0,3.0,4.0,35.0,3.3,1.0
181,6395,3,0.30000000000000027,4.0,3.0,4.0,35.0,2.9,1.0
182,785,1,0.0,7.0,7.0,3.0,30.5,3.5,1.0
182,785,2,0.5099019513592785,7.0,7.0,3.0,31.0,3.4,1.0
182,785,3,0.58309518948453,7.0,7.0,3.0,31.0,3.2,1.0
183,8729,1,1.1575836902790224,1.0,1.0,1.0,26.5,3.9,1.0
183,8729,2,1.676305461424021,2.0,2.0,2.0,26.0,2.7,1.0
183,8729,3,1.7320508075688772,2.0,1.0,1.0,27.0,2.6,2.0
184,14750,1,1.1224972160321824,1.0,2.0,4.0,26.5,3.2,1.0
184,14750,2,1.1661903789690602,1.0,1.0,4.0,27.0,3.7,1.0
184,14750,3,1.42828568570857,1.0,1.0,5.0,27.0,2.9,1.0
185,20049,1,0.10000000000000009,2.0,2.0,3.0,25.0,2.4,1.0
185,20049,2,0.3999999999999999,2.0,2.0,3.0,25.0,2.9,1.0
185,20049,3,0.9433981132056602,2.0,2.0,3.0,25.5,3.3,1.0
186,12638,1,0.40000000000000036,6.0,6.0,3.0,34.0,3.3,1.0
186,12638,2,0.5099019513592785,6.0,6.0,3.0,34.5,3.6,1.0
186,12638,3,0.7810249675906655,6.0,6.0,3.0,34.5,3.1,1.0
187,11226,1,0.0,1.0,2.0,4.0,35.0,2.8,2.0
187,11226,2,1.1661903789690602,1.0,2.0,4.0,35.0,3.4,1.0
187,11226,3,1.2206555615733703,1.0,2.0,4.0,36.0,3.5,2.0
188,6770,1,0.10000000000000009,2.0,2.0,3.0,35.0,3.1,1.0
188,6770,2,0.40000000000000036,2.0,2.0,3.0,35.0,2.8,1.0
188,6770,3,0.5,2.0,2.0,3.0,35.0,3.7,1.0
189,2233,1,1.0198039027185568,1.0,1.0,3.0,36.0,3.2,1.0
189,2233,2,1.0440306508910548,1.0,1.0,3.0,36.0,3.1,1.0
189,2233,3,1.118033988749895,1.0,1.0,3.0,36.0,2.9,1.0
190,4539,1,0.0,5.0,4.0,3.0,33.5,3.3,1.0
190,4539,2,0.09999999999999964,5.0,4.0,3.0,33.5,3.2,1.0
190,4539,3,0.5099019513592784,5.0,4.0,3.0,34.0,3.2,1.0
191,16701,1,0.7810249675906655,1.0,1.0,3.0,29.5,3.6,1.0
191,16701,2,1.0,1.0,2.0,3.0,29.0,3.0,1.0
191,16701,3,1.019803902718557,1.0,1.0,3.0,28.0,2.8,1.0
192,19996,1,0.2999999999999998,1.0,2.0,3.0,29.0,2.8,1.0
192,19996,2,0.5,1.0,2.0,3.0,29.0,3.0,1.0
192,19996,3,0.7999999999999998,1.0,2.0,3.0,29.0,3.3,1.0
193,20370,1,1.1999999999999997,3.0,2.0,4.0,31.0,3.3,1.0
193,20370,2,1.22065556157337,4.0,2.0,4.0,31.0,2.8,1.0
193,20370,3,1.4142135623730951,4.0,2.0,4.0,31.0,3.1,1.0
194,4806,1,1.0,1.0,2.0,3.0,36.0,3.3,1.0
194,4806,2,1.0198039027185568,1.0,2.0,3.0,36.0,3.1,1.0
194,4806,3,1.077032961426901,1.0,2.0,3.0,36.0,3.7,1.0
195,14516,1,0.6403124237432848,2.0,3.0,4.0,33.0,3.1,1.0
195,14516,2,0.7071067811865476,2.0,3.0,4.0,33.0,3.2,1.0
195,14516,3,1.004987562112089,2.0,3.0,4.0,33.5,2.8,1.0
196,6439,1,0.0,3.0,2.0,4.0,36.0,3.2,1.0
196,6439,2,0.20000000000000018,3.0,2.0,4.0,36.0,3.0,1.0
196,6439,3,0.6000000000000001,3.0,2.0,4.0,36.0,2.6,1.0
197,13790,1,0.0,3.0,3.0,2.0,20.0,2.7,1.0
197,13790,2,1.5362291495737215,2.0,3.0,3.0,20.0,3.3,1.0
197,13790,3,1.6062378404209008,3.0,2.0,2.0,20.7,2.4,2.0
198,13853,1,1.7000000000000004,6.0,2.0,3.0,27.3,3.2,1.0
198,13853,2,2.293468988235943,4.0,1.0,2.0,27.0,2.6,2.0
198,13853,3,2.3259406699226015,4.0,1.0,2.0,26.0,2.3,2.0
199,16248,1,0.10000000000000009,2.0,2.0,4.0,40.0,3.2,1.0
199,16248,2,0.2999999999999998,2.0,2.0,4.0,40.0,3.4,1.0
199,16248,3,0.58309518948453,2.0,2.0,4.0,39.5,3.4,1.0
200,19970,1,1.0440306508910548,1.0,1.0,3.0,36.0,2.8,1.0
200,19970,2,1.0770329614269007,1.0,1.0,3.0,36.0,2.9,1.0
200,19970,3,1.0770329614269007,1.0,1.0,1.0,36.0,2.9,1.0
201,14354,1,1.0440306508910548,6.0,5.0,3.0,38.0,3.0,1.0
201,14354,2,1.118033988749895,6.0,4.0,4.0,38.0,3.2,1.0
201,14354,3,1.16619037896906,6.0,4.0,4.0,38.0,3.3,1.0
202,7583,1,1.4866068747318506,5.0,3.0,3.0,24.0,3.5,1.0
202,7583,2,1.57797338380595,4.0,4.0,4.0,24.0,3.1,1.0
202,7583,3,2.0615528128088303,4.0,2.0,3.0,23.0,2.9,1.0
203,5050,1,0.5099019513592784,3.0,2.0,4.0,36.0,3.2,1.0
203,5050,2,0.5099019513592784,3.0,2.0,4.0,37.0,3.2,1.0
203,5050,3,0.58309518948453,3.0,2.0,4.0,37.0,3.0,1.0
204,11449,1,0.0,5.0,3.0,2.0,22.0,2.8,2.0
204,11449,2,2.238302928559939,4.0,2.0,3.0,23.0,2.9,1.0
204,11449,3,2.5475478405713994,5.0,3.0,3.0,24.0,3.5,1.0
205,15910,1,0.3999999999999999,2.0,2.0,3.0,39.0,2.7,1.0
205,15910,2,1.0,2.0,2.0,2.0,39.0,3.1,1.0
205,15910,3,1.004987562112089,2.0,2.0,3.0,40.0,3.2,1.0
206,18525,1,0.0,7.0,7.0,3.0,28.0,2.6,1.0
206,18525,2,1.0440306508910548,7.0,7.0,3.0,29.0,2.9,1.0
206,18525,3,1.044030650891055,7.0,7.0,4.0,28.0,2.3,1.0
207,9383,1,0.0,4.0,3.0,3.0,28.5,3.6,1.0
207,9383,2,0.5099019513592785,4.0,3.0,3.0,28.0,3.5,1.0
207,9383,3,1.1224972160321824,3.0,3.0,3.0,28.0,3.5,1.0
208,12798,1,0.0,2.0,3.0,2.0,42.0,3.7,1.0
208,12798,2,1.4177446878757824,2.0,2.0,1.0,42.0,3.8,1.0
208,12798,3,1.4177446878757824,2.0,2.0,2.0,41.0,3.8,1.0
209,4515,1,0.0,2.0,2.0,5.0,35.0,3.3,1.0
209,4515,2,1.004987562112089,2.0,2.0,4.0,35.0,3.4,1.0
209,4515,3,1.0198039027185568,2.0,2.0,4.0,35.0,3.1,1.0
210,11141,1,1.224744871391589,2.0,2.0,3.0,25.5,3.3,1.0
210,11141,2,1.4177446878757824,2.0,2.0,2.0,26.0,2.7,1.0
210,11141,3,1.4177446878757824,1.0,1.0,3.0,27.0,2.7,1.0
211,18058,1,1.019803902718557,1.0,1.0,4.0,31.0,2.4,1.0
211,18058,2,1.0440306508910548,2.0,1.0,4.0,30.0,2.9,1.0
211,18058,3,1.0770329614269007,1.0,2.0,4.0,30.0,3.0,1.0
212,18038,1,1.42828568570857,1.0,1.0,4.0,23.5,2.8,1.0
212,18038,2,1.503329637837291,1.0,1.0,4.0,24.0,2.5,1.0
212,18038,3,1.6155494421403513,1.0,1.0,2.0,23.0,3.2,1.0
213,5545,1,1.624807680927192,2.0,1.0,3.0,21.0,3.0,1.0
213,5545,2,1.8681541692269403,4.0,2.0,3.0,23.0,2.9,1.0
213,5545,3,2.109502310972898,2.0,2.0,3.0,22.7,3.6,1.0
214,7892,1,0.0,2.0,2.0,3.0,31.0,3.6,1.0
214,7892,2,0.10000000000000009,2.0,2.0,3.0,31.0,3.5,1.0
214,7892,3,0.5385164807134505,2.0,2.0,3.0,30.5,3.4,1.0
215,19309,1,0.19999999999999973,5.0,4.0,3.0,27.0,3.6,1.0
215,19309,2,1.0295630140987,5.0,4.0,3.0,27.5,2.9,1.0
215,19309,3,1.3190905958272918,5.0,5.0,3.0,27.5,3.1,1.0
216,17768,1,0.20000000000000018,5.0,5.0,4.0,30.5,3.2,1.0
216,17768,2,0.3999999999999999,5.0,5.0,4.0,30.5,2.6,1.0
216,17768,3,0.5099019513592785,5.0,5.0,4.0,31.0,3.1,1.0
217,1647,1,0.5099019513592785,6.0,4.0,4.0,38.0,3.4,1.0
217,1647,2,0.5385164807134505,6.0,4.0,4.0,38.0,3.3,1.0
217,1647,3,0.58309518948453,6.0,4.0,4.0,38.0,3.2,1.0
218,596,1,1.5132745950421556,2.0,2.0,3.0,25.5,3.3,1.0
218,596,2,1.5362291495737217,2.0,2.0,3.0,25.0,2.9,1.0
218,596,3,1.7320508075688772,1.0,1.0,4.0,24.0,2.5,1.0
219,9401,1,1.224744871391589,3.0,2.0,3.0,25.5,3.1,1.0
219,9401,2,1.5,3.0,1.0,2.0,27.0,3.1,1.0
219,9401,3,1.5297058540778357,2.0,2.0,3.0,25.5,3.3,1.0
220,2654,1,0.0,3.0,1.0,2.0,28.0,3.4,1.0
220,2654,2,1.0198039027185568,3.0,1.0,2.0,28.0,3.2,2.0
220,2654,3,1.0440306508910548,3.0,1.0,2.0,27.0,3.1,1.0
221,15578,1,0.0,2.0,3.0,4.0,33.0,3.1,1.0
221,15578,2,0.10000000000000009,2.0,3.0,4.0,33.0,3.2,1.0
221,15578,3,0.58309518948453,2.0,3.0,4.0,33.5,3.4,1.0
222,14738,1,0.0,1.0,1.0,4.0,31.0,3.1,1.0
222,14738,2,0.7000000000000002,1.0,1.0,4.0,31.0,2.4,1.0
222,14738,3,1.019803902718557,1.0,2.0,4.0,31.0,2.9,1.0
223,17673,1,0.2999999999999998,3.0,2.0,4.0,38.0,2.7,1.0
223,17673,2,0.2999999999999998,3.0,2.0,4.0,38.0,3.3,1.0
223,17673,3,0.5,3.0,2.0,4.0,37.5,3.0,1.0
224,11398,1,0.0,10.0,10.0,3.0,32.0,2.8,1.0
224,11398,2,1.019803902718557,10.0,10.0,3.0,33.0,3.0,1.0
224,11398,3,1.0295630140987002,10.0,10.0,3.0,32.5,3.7,1.0
225,17730,1,0.0,6.0,3.0,4.0,32.0,3.0,2.0
225,17730,2,1.4177446878757824,6.0,3.0,5.0,32.0,3.1,1.0
225,17730,3,1.4177446878757824,6.0,3.0,3.0,32.0,3.1,1.0
226,15696,1,1.7578395831246945,1.0,1.0,3.0,20.0,3.4,1.0
226,15696,2,2.009975124224178,2.0,3.0,3.0,20.0,3.3,1.0
226,15696,3,2.009975124224178,2.0,1.0,1.0,20.0,2.9,1.0
227,12790,1,0.0,1.0,1.0,4.0,37.0,3.7,1.0
227,12790,2,0.0,1.0,1.0,4.0,37.0,3.7,1.0
227,12790,3,1.0,1.0,1.0,4.0,36.0,3.7,1.0
228,4425,1,0.0,2.0,1.0,3.0,42.5,3.3,1.0
228,4425,2,1.1224972160321824,1.0,1.0,3.0,42.0,3.2,1.0
228,4425,3,1.1224972160321824,2.0,1.0,4.0,42.0,3.2,1.0
229,18219,1,0.0,4.0,1.0,2.0,27.0,2.6,2.0
229,18219,2,1.044030650891055,4.0,1.0,2.0,26.0,2.3,2.0
229,18219,3,1.4177446878757827,4.0,2.0,2.0,28.0,2.7,2.0
230,2313,1,0.7999999999999998,5.0,2.0,3.0,38.0,2.6,1.0
230,2313,2,1.0,5.0,3.0,3.0,38.0,3.4,1.0
230,2313,3,1.004987562112089,5.0,3.0,3.0,38.0,3.5,1.0
231,12534,1,1.118033988749895,2.0,2.0,3.0,37.0,3.2,1.0
231,12534,2,1.118033988749895,2.0,2.0,3.0,37.0,3.2,1.0
231,12534,3,1.4142135623730951,2.0,2.0,3.0,38.0,3.7,1.0
232,20224,1,1.0295630140987002,1.0,1.0,4.0,29.0,3.2,1.0
232,20224,2,1.2688577540449522,2.0,1.0,4.0,30.0,2.9,1.0
232,20224,3,1.319090595827292,2.0,1.0,4.0,29.0,3.0,1.0
233,4920,1,1.4142135623730951,4.0,3.0,3.0,26.0,3.3,1.0
233,4920,2,1.42828568570857,4.0,4.0,4.0,24.0,3.1,1.0
233,4920,3,1.7435595774162693,3.0,5.0,3.0,26.0,3.5,1.0
234,10859,1,0.40000000000000036,4.0,4.0,3.0,39.0,3.2,1.0
234,10859,2,1.0,4.0,4.0,3.0,40.0,2.8,1.0
234,10859,3,1.0,4.0,4.0,3.0,40.0,2.8,1.0
235,18481,1,1.0770329614269007,1.0,1.0,2.0,35.0,3.0,1.0
235,18481,2,1.1661903789690602,1.0,1.0,3.0,34.0,3.2,1.0
235,18481,3,1.1661903789690602,1.0,1.0,3.0,34.0,3.2,1.0
236,3870,1,0.3999999999999999,3.0,2.0,4.0,35.0,2.9,1.0
236,3870,2,1.0,3.0,3.0,4.0,35.0,3.3,1.0
236,3870,3,1.004987562112089,2.0,2.0,4.0,35.0,3.4,1.0
237,2197,1,0.0,7.0,7.0,4.0,39.0,3.4,1.0
237,2197,2,0.3999999999999999,7.0,7.0,4.0,39.0,3.8,1.0
237,2197,3,0.58309518948453,7.0,7.0,4.0,38.5,3.1,1.0
238,10428,1,1.5,3.0,3.0,3.0,23.0,2.9,1.0
238,10428,2,1.6155494421403513,5.0,5.0,3.0,23.0,2.3,1.0
238,10428,3,1.8138357147217055,4.0,4.0,4.0,24.0,3.1,1.0
239,20322,1,1.118033988749895,1.0,1.0,2.0,27.0,2.6,1.0
239,20322,2,1.22065556157337,1.0,1.0,3.0,28.0,2.8,1.0
239,20322,3,1.2806248474865696,1.0,1.0,2.0,27.0,2.9,1.0
240,3637,1,0.5099019513592784,3.0,2.0,4.0,36.0,3.2,1.0
240,3637,2,0.5099019513592784,3.0,2.0,4.0,37.0,3.2,1.0
240,3637,3,0.58309518948453,3.0,2.0,4.0,37.0,3.0,1.0
241,4053,1,0.40000000000000036,1.0,1.0,4.0,27.0,3.7,1.0
241,4053,2,1.0440306508910548,1.0,1.0,4.0,28.0,3.0,1.0
241,4053,3,1.044030650891055,2.0,1.0,4.0,27.0,3.6,1.0
242,2220,1,0.6403124237432848,6.0,8.0,3.0,31.5,3.0,1.0
242,2220,2,1.0,6.0,8.0,3.0,31.0,3.4,1.0
242,2220,3,1.0770329614269007,6.0,8.0,4.0,32.0,3.0,1.0
243,14424,1,1.224744871391589,1.0,1.0,2.0,23.0,3.2,1.0
243,14424,2,1.5684387141358118,1.0,1.0,2.0,22.0,3.8,1.0
243,14424,3,2.071231517720798,1.0,2.0,2.0,24.0,2.9,1.0
244,20102,1,0.6403124237432851,1.0,3.0,4.0,29.5,2.7,1.0
244,20102,2,1.3190905958272916,1.0,2.0,4.0,28.3,2.8,1.0
244,20102,3,1.3453624047073711,1.0,3.0,4.0,29.0,3.2,2.0
245,14551,1,1.0862780491200217,1.0,1.0,3.0,31.3,3.0,1.0
245,14551,2,1.22065556157337,2.0,1.0,3.0,31.0,3.4,2.0
245,14551,3,1.22065556157337,1.0,1.0,3.0,31.0,3.4,1.0
246,18252,1,1.0770329614269007,4.0,2.0,5.0,32.0,3.0,1.0
246,18252,2,1.1661903789690602,3.0,2.0,4.0,32.0,3.2,1.0
246,18252,3,1.22065556157337,3.0,2.0,5.0,33.0,3.3,1.0
247,14829,1,0.5,4.0,1.0,4.0,36.0,2.6,1.0
247,14829,2,0.8000000000000003,4.0,1.0,4.0,36.0,2.3,1.0
247,14829,3,1.004987562112089,3.0,1.0,4.0,36.0,3.0,1.0
248,19693,1,1.0,2.0,1.0,3.0,30.0,3.5,1.0
248,19693,2,1.0770329614269007,2.0,1.0,4.0,30.0,2.9,1.0
248,19693,3,1.1661903789690602,2.0,2.0,3.0,30.0,3.1,1.0
249,10097,1,1.0,1.0,1.0,2.0,27.0,2.9,1.0
249,10097,2,1.0440306508910548,1.0,1.0,2.0,27.0,2.6,1.0
249,10097,3,1.42828568570857,1.0,1.0,3.0,27.0,2.7,1.0
250,19625,1,0.0,1.0,1.0,5.0,37.0,2.5,1.0
250,19625,2,1.0770329614269007,1.0,1.0,5.0,38.0,2.9,1.0
250,19625,3,1.1661903789690602,1.0,2.0,5.0,37.0,3.1,1.0
251,10954,1,1.187434208703792,1.0,2.0,4.0,26.5,3.2,1.0
251,10954,2,1.3453624047073711,1.0,1.0,4.0,27.0,3.7,1.0
251,10954,3,1.4177446878757824,1.0,1.0,3.0,27.0,2.7,1.0
252,16021,1,0.30000000000000027,3.0,2.0,1.0,35.0,2.8,1.0
252,16021,2,1.4177446878757827,3.0,3.0,2.0,35.0,3.2,1.0
252,16021,3,1.42828568570857,3.0,3.0,1.0,36.0,2.9,1.0
253,19072,1,0.2999999999999998,1.0,1.0,4.0,39.0,3.5,1.0
253,19072,2,1.0,2.0,1.0,4.0,39.0,3.8,1.0
253,19072,3,1.004987562112089,1.0,1.0,4.0,38.0,3.7,1.0
254,2680,1,0.20000000000000018,1.0,1.0,3.0,29.5,3.6,1.0
254,2680,2,0.5099019513592785,1.0,1.0,3.0,30.0,3.5,1.0
254,2680,3,1.044030650891055,1.0,1.0,4.0,29.5,3.7,1.0
255,10268,1,0.0,3.0,3.0,4.0,33.0,2.9,1.0
255,10268,2,0.30000000000000027,3.0,3.0,4.0,33.0,3.2,1.0
255,10268,3,1.004987562112089,3.0,3.0,4.0,32.0,2.8,1.0
256,18112,1,0.5385164807134504,8.0,6.0,3.0,33.5,2.8,1.0
256,18112,2,0.8999999999999999,8.0,6.0,3.0,34.0,3.5,1.0
256,18112,3,1.004987562112089,8.0,6.0,2.0,34.0,2.7,1.0
257,12776,1,0.0,1.0,1.0,4.0,29.5,3.7,1.0
257,12776,2,0.7071067811865476,1.0,1.0,4.0,29.0,3.2,1.0
257,12776,3,1.004987562112089,1.0,1.0,3.0,29.5,3.6,1.0
258,14222,1,0.0,2.0,1.0,3.0,33.0,2.7,1.0
258,14222,2,1.22065556157337,2.0,2.0,3.0,33.0,3.4,1.0
258,14222,3,1.2569805089976527,2.0,1.0,4.0,32.7,3.4,1.0
259,19723,1,0.2999999999999998,5.0,6.0,3.0,36.0,2.8,1.0
259,19723,2,0.6000000000000001,5.0,6.0,3.0,36.0,3.1,1.0
259,19723,3,0.6403124237432848,5.0,6.0,3.0,36.5,2.9,1.0
260,5056,1,1.0,1.0,1.0,3.0,34.0,3.3,1.0
260,5056,2,1.0,2.0,1.0,3.0,35.0,3.3,1.0
260,5056,3,1.004987562112089,1.0,1.0,3.0,34.0,3.2,1.0
261,16750,1,0.0,9.0,2.0,4.0,27.0,3.0,1.0
261,16750,2,1.7435595774162693,8.0,3.0,4.0,26.0,3.2,1.0
261,16750,3,2.071231517720798,8.0,1.0,4.0,28.5,3.2,1.0
262,17126,1,0.5,1.0,1.0,3.0,30.0,3.5,1.0
262,17126,2,0.7810249675906655,1.0,1.0,3.0,29.5,3.6,1.0
262,17126,3,1.019803902718557,1.0,1.0,2.0,30.0,2.8,1.0
263,311,1,1.019803902718557,3.0,3.0,4.0,45.0,3.7,1.0
263,311,2,1.4142135623730951,3.0,4.0,4.0,47.0,3.5,1.0
263,311,3,1.445683229480096,3.0,4.0,4.0,45.0,3.8,1.0
264,16225,1,0.30000000000000027,1.0,1.0,2.0,30.0,2.8,1.0
264,16225,2,1.0770329614269007,1.0,1.0,3.0,30.0,3.5,1.0
264,16225,3,1.224744871391589,1.0,1.0,3.0,29.5,3.6,1.0
265,6813,1,1.0,1.0,1.0,3.0,36.0,3.2,1.0
265,6813,2,1.0,1.0,1.0,3.0,34.0,3.2,1.0
265,6813,3,1.0,1.0,1.0,3.0,34.0,3.2,1.0
266,8150,1,1.5297058540778357,2.0,2.0,3.0,25.5,3.3,1.0
266,8150,2,1.57797338380595,2.0,2.0,3.0,25.0,2.9,1.0
266,8150,3,1.7916472867168918,1.0,1.0,4.0,24.0,2.5,1.0
267,2031,1,1.118033988749895,5.0,4.0,3.0,27.5,2.9,1.0
267,2031,2,1.1575836902790224,5.0,3.0,3.0,28.0,3.1,1.0
267,2031,3,1.1874342087037917,4.0,4.0,3.0,29.0,3.0,1.0
268,14513,1,0.58309518948453,4.0,4.0,4.0,32.5,3.0,1.0
268,14513,2,0.5999999999999996,4.0,4.0,4.0,32.0,3.3,1.0
268,14513,3,0.7999999999999998,4.0,4.0,4.0,32.0,3.5,1.0
269,7238,1,0.0,3.0,1.0,4.0,31.0,3.2,1.0
269,7238,2,1.004987562112089,3.0,2.0,4.0,31.0,3.3,1.0
269,7238,3,1.004987562112089,3.0,1.0,4.0,30.0,3.1,1.0
270,6240,1,0.0,1.0,1.0,2.0,23.0,3.2,1.0
270,6240,2,1.16619037896906,1.0,1.0,2.0,22.0,3.8,1.0
270,6240,3,1.445683229480096,1.0,2.0,2.0,24.0,2.9,1.0
271,16222,1,1.3747727084867523,2.0,2.0,3.0,22.7,3.6,1.0
271,16222,2,1.445683229480096,1.0,1.0,4.0,23.5,2.8,1.0
271,16222,3,1.5132745950421556,3.0,2.0,3.0,24.0,3.3,1.0
272,10694,1,1.019803902718557,2.0,1.0,4.0,37.0,3.1,1.0
272,10694,2,1.0770329614269007,1.0,1.0,5.0,37.0,2.5,1.0
272,10694,3,1.1874342087037917,2.0,2.0,5.0,37.5,3.3,1.0
273,10841,1,1.019803902718557,2.0,3.0,4.0,35.0,3.0,1.0
273,10841,2,1.0440306508910548,2.0,3.0,5.0,34.0,2.5,1.0
273,10841,3,1.118033988749895,2.0,2.0,5.0,35.0,3.3,1.0
274,16291,1,0.3999999999999999,1.0,1.0,3.0,30.0,3.5,1.0
274,16291,2,0.7071067811865476,1.0,1.0,3.0,29.5,3.6,1.0
274,16291,3,1.0440306508910548,1.0,1.0,3.0,31.0,3.4,1.0
275,5753,1,0.0,8.0,1.0,4.0,28.5,3.2,1.0
275,5753,2,2.071231517720798,9.0,2.0,4.0,27.0,3.0,1.0
275,5753,3,2.2203603311174516,7.0,2.0,4.0,29.7,2.5,2.0
276,20391,1,1.7578395831246945,2.0,2.0,3.0,25.0,2.4,1.0
276,20391,2,1.8330302779823362,2.0,2.0,2.0,26.0,2.7,1.0
276,20391,3,1.8330302779823362,1.0,1.0,3.0,27.0,2.7,1.0
277,14639,1,1.1575836902790226,2.0,2.0,4.0,27.5,2.8,1.0
277,14639,2,1.4142135623730951,2.0,3.0,4.0,28.0,3.1,1.0
277,14639,3,1.4177446878757827,1.0,2.0,3.0,29.0,3.0,1.0
278,11894,1,0.0,2.0,1.0,2.0,21.0,3.9,1.0
278,11894,2,1.345362404707371,2.0,1.0,3.0,21.0,3.0,1.0
278,11894,3,1.4177446878757827,1.0,1.0,2.0,22.0,3.8,1.0
279,9930,1,0.2999999999999998,2.0,2.0,3.0,38.0,2.6,1.0
279,9930,2,0.58309518948453,2.0,2.0,3.0,37.5,2.6,1.0
279,9930,3,0.7000000000000002,2.0,2.0,3.0,38.0,3.6,1.0
280,19223,1,0.0,1.0,1.0,2.0,22.0,3.8,1.0
280,19223,2,1.16619037896906,1.0,1.0,2.0,23.0,3.2,1.0
280,19223,3,1.4177446878757827,2.0,1.0,2.0,21.0,3.9,1.0
281,18299,1,1.445683229480096,4.0,1.0,2.0,39.0,2.3,1.0
281,18299,2,1.469693845669907,2.0,1.0,2.0,39.0,3.0,1.0
281,18299,3,1.469693845669907,3.0,2.0,3.0,38.0,3.0,1.0
282,14152,1,0.5999999999999996,2.0,1.0,3.0,35.0,3.3,1.0
282,14152,2,0.7999999999999998,2.0,1.0,3.0,35.0,3.5,1.0
282,14152,3,0.8602325267042624,2.0,1.0,3.0,34.5,3.4,1.0
283,14108,1,0.7615773105863901,1.0,1.0,3.0,31.3,3.0,1.0
283,14108,2,0.7999999999999998,1.0,1.0,3.0,32.0,3.5,1.0
283,14108,3,0.8999999999999999,1.0,1.0,3.0,32.0,3.6,1.0
284,2455,1,0.5385164807134505,1.0,1.0,3.0,29.5,3.6,1.0
284,2455,2,1.004987562112089,1.0,1.0,3.0,30.0,3.5,1.0
284,2455,3,1.004987562112089,1.0,2.0,3.0,29.0,3.3,1.0
285,20177,1,0.6403124237432851,2.0,2.0,4.0,36.0,2.7,1.0
285,20177,2,0.7810249675906655,2.0,2.0,4.0,36.0,2.9,1.0
285,20177,3,0.8602325267042628,2.0,2.0,4.0,36.0,3.0,1.0
286,2987,1,0.0,5.0,4.0,4.0,36.0,3.4,1.0
286,2987,2,0.0,5.0,4.0,4.0,36.0,3.4,1.0
286,2987,3,0.19999999999999973,5.0,4.0,4.0,36.0,3.2,1.0
287,7476,1,1.5524174696260025,2.0,2.0,4.0,27.5,2.8,1.0
287,7476,2,1.57797338380595,2.0,3.0,4.0,28.0,3.1,1.0
287,7476,3,1.57797338380595,2.0,4.0,4.0,27.0,3.1,1.0
288,10629,1,0.8602325267042628,1.0,1.0,3.0,29.5,3.6,1.0
288,10629,2,1.004987562112089,1.0,2.0,3.0,29.0,2.8,1.0
288,10629,3,1.004987562112089,1.0,1.0,3.0,28.0,2.8,1.0
289,17096,1,0.6000000000000001,2.0,1.0,4.0,27.0,3.6,1.0
289,17096,2,1.1357816691600546,2.0,2.0,4.0,27.5,2.8,1.0
289,17096,3,1.2206555615733703,1.0,1.0,4.0,27.0,3.7,1.0
290,9844,1,0.0,3.0,3.0,3.0,23.0,2.9,1.0
290,9844,2,1.4142135623730951,4.0,2.0,3.0,23.0,2.9,1.0
290,9844,3,1.469693845669907,3.0,2.0,3.0,24.0,3.3,1.0
291,7534,1,1.5,4.0,2.0,3.0,23.0,2.9,1.0
291,7534,2,1.676305461424021,3.0,2.0,3.0,24.0,3.3,1.0
291,7534,3,2.0518284528683193,5.0,3.0,3.0,24.0,3.5,1.0
292,9945,1,0.3999999999999999,2.0,1.0,3.0,35.0,3.3,1.0
292,9945,2,0.6000000000000001,2.0,1.0,3.0,35.0,3.5,1.0
292,9945,3,0.7071067811865476,2.0,1.0,3.0,34.5,3.4,1.0
293,14580,1,0.0,2.0,4.0,3.0,28.5,2.7,1.0
293,14580,2,1.118033988749895,3.0,4.0,3.0,28.0,2.7,1.0
293,14580,3,1.268857754044952,2.0,3.0,3.0,29.0,3.3,1.0
294,15320,1,0.3999999999999999,2.0,2.0,3.0,39.0,2.7,1.0
294,15320,2,1.0,2.0,2.0,2.0,39.0,3.1,1.0
294,15320,3,1.004987562112089,2.0,2.0,3.0,40.0,3.2,1.0
295,7908,1,0.8999999999999999,1.0,1.0,3.0,27.0,2.7,1.0
295,7908,2,1.004987562112089,1.0,1.0,4.0,27.0,3.7,1.0
295,7908,3,1.2206555615733703,1.0,1.0,2.0,27.0,2.9,1.0
296,7480,1,0.0,2.0,5.0,3.0,22.0,2.4,1.0
296,7480,2,1.98997487421324,2.0,5.0,2.0,22.0,3.8,2.0
296,7480,3,2.5,3.0,3.0,3.0,23.0,2.9,1.0
297,5792,1,1.044030650891055,3.0,3.0,3.0,23.0,2.9,1.0
297,5792,2,1.7349351572897473,4.0,4.0,4.0,24.0,3.1,1.0
297,5792,3,1.9078784028338915,2.0,5.0,3.0,22.0,2.4,1.0
298,4015,1,0.10000000000000009,4.0,2.0,4.0,34.0,3.4,1.0
298,4015,2,1.019803902718557,4.0,3.0,4.0,34.0,3.5,1.0
298,4015,3,1.0440306508910548,4.0,1.0,4.0,34.0,3.0,1.0
299,2533,1,0.19999999999999973,8.0,9.0,4.0,42.0,3.2,1.0
299,2533,2,1.0,8.0,9.0,4.0,41.0,3.4,1.0
299,2533,3,1.004987562112089,8.0,9.0,4.0,41.0,3.5,1.0
300,11214,1,1.5811388300841898,4.0,3.0,3.0,26.0,3.3,1.0
300,11214,2,1.9339079605813716,5.0,3.0,3.0,24.0,3.5,1.0
300,11214,3,2.039607805437114,5.0,3.0,4.0,27.5,2.4,1.0
301,3252,1,1.004987562112089,1.0,1.0,4.0,39.0,3.5,1.0
301,3252,2,1.0198039027185568,1.0,1.0,3.0,38.0,3.2,1.0
301,3252,3,1.019803902718557,2.0,1.0,3.0,39.0,3.6,1.0
302,10856,1,1.004987562112089,9.0,5.0,4.0,37.0,2.9,1.0
302,10856,2,1.7320508075688772,10.0,5.0,3.0,36.0,3.8,1.0
302,10856,3,1.7349351572897471,9.0,6.0,4.0,38.0,2.7,1.0
303,17626,1,0.3999999999999999,4.0,2.0,4.0,34.0,3.4,1.0
303,17626,2,1.0,4.0,2.0,4.0,35.0,3.0,1.0
303,17626,3,1.0,4.0,1.0,4.0,34.0,3.0,1.0
304,11230,1,0.09999999999999964,3.0,2.0,4.0,38.0,2.7,1.0
304,11230,2,0.5,3.0,2.0,4.0,38.0,3.3,1.0
304,11230,3,0.5385164807134505,3.0,2.0,4.0,37.5,3.0,1.0
305,15857,1,0.19999999999999973,1.0,1.0,3.0,44.0,3.3,1.0
305,15857,2,1.0,1.0,1.0,3.0,43.0,3.1,1.0
305,15857,3,1.004987562112089,1.0,2.0,3.0,44.0,3.2,1.0
306,14461,1,1.0198039027185568,3.0,1.0,3.0,35.0,2.9,1.0
306,14461,2,1.0440306508910548,4.0,2.0,3.0,35.0,3.0,1.0
306,14461,3,1.3190905958272918,4.0,2.0,3.0,35.5,3.4,1.0
307,16771,1,0.0,3.0,2.0,4.0,37.5,3.0,1.0
307,16771,2,0.5,3.0,2.0,4.0,37.0,3.0,1.0
307,16771,3,0.5385164807134505,3.0,2.0,4.0,37.0,3.2,1.0
308,974,1,0.3999999999999999,1.0,2.0,5.0,37.0,3.1,1.0
308,974,2,1.004987562112089,1.0,2.0,4.0,37.0,3.4,1.0
308,974,3,1.019803902718557,2.0,2.0,5.0,37.0,3.7,1.0
309,1413,1,0.6000000000000001,2.0,1.0,4.0,30.0,2.9,1.0
309,1413,2,0.6403124237432848,2.0,1.0,4.0,30.5,3.1,1.0
309,1413,3,1.0,2.0,1.0,3.0,30.0,3.5,1.0
310,10295,1,0.10000000000000009,4.0,3.0,4.0,33.0,3.0,1.0
310,10295,2,0.3605551275463967,4.0,3.0,4.0,32.7,3.1,1.0
310,10295,3,0.5,4.0,3.0,4.0,33.0,3.4,1.0
311,15348,1,0.6000000000000001,2.0,2.0,4.0,42.0,3.7,1.0
311,15348,2,0.6000000000000001,2.0,2.0,4.0,42.0,3.7,1.0
311,15348,3,0.8999999999999999,2.0,2.0,4.0,42.0,2.2,1.0
312,3854,1,0.0,5.0,2.0,4.0,28.0,3.3,1.0
312,3854,2,1.118033988749895,5.0,3.0,4.0,28.0,2.8,1.0
312,3854,3,1.1357816691600546,5.0,2.0,5.0,27.5,3.1,1.0
313,18596,1,2.2561028345356955,2.0,1.0,1.0,20.0,2.9,1.0
313,18596,2,2.939387691339814,1.0,1.0,3.0,20.0,3.4,1.0
313,18596,3,3.562302626111375,2.0,1.0,2.0,21.0,3.9,1.0
314,11523,1,0.10000000000000009,2.0,2.0,3.0,36.0,2.9,1.0
314,11523,2,0.30000000000000027,2.0,2.0,3.0,36.0,3.1,1.0
314,11523,3,0.3999999999999999,2.0,2.0,3.0,36.0,2.4,1.0
315,886,1,0.0,5.0,3.0,3.0,24.0,3.5,1.0
315,886,2,1.7776388834631178,4.0,4.0,4.0,24.0,3.1,1.0
315,886,3,1.8330302779823362,4.0,2.0,3.0,23.0,2.9,1.0
316,14661,1,1.0770329614269007,1.0,1.0,3.0,32.0,3.5,1.0
316,14661,2,1.118033988749895,1.0,1.0,3.0,32.0,3.6,1.0
316,14661,3,1.1224972160321824,1.0,2.0,2.0,31.5,3.0,1.0
317,2235,1,0.0,3.0,2.0,3.0,35.0,3.4,1.0
317,2235,2,0.2999999999999998,3.0,2.0,3.0,35.0,3.1,1.0
317,2235,3,0.58309518948453,3.0,2.0,3.0,35.5,3.1,1.0
318,15660,1,0.0,4.0,2.0,4.0,28.5,3.1,1.0
318,15660,2,1.118033988749895,4.0,3.0,4.0,29.0,3.1,1.0
318,15660,3,1.1224972160321824,3.0,2.0,4.0,29.0,3.2,1.0
319,19052,1,0.2999999999999998,1.0,1.0,3.0,33.0,3.5,1.0
319,19052,2,1.0198039027185568,1.0,1.0,3.0,32.0,3.6,1.0
319,19052,3,1.0440306508910548,1.0,1.0,3.0,32.0,3.5,1.0
320,13216,1,1.004987562112089,2.0,2.0,2.0,41.0,3.8,1.0
320,13216,2,1.0198039027185568,1.0,1.0,2.0,41.0,3.9,1.0
320,13216,3,1.118033988749895,1.0,1.0,2.0,41.0,3.2,1.0
321,16547,1,0.0,4.0,2.0,4.0,35.0,3.0,1.0
321,16547,2,0.10000000000000009,4.0,2.0,4.0,35.0,2.9,1.0
321,16547,3,0.3999999999999999,4.0,2.0,4.0,35.0,2.6,1.0
322,17823,1,0.10000000000000009,1.0,1.0,3.0,36.0,2.9,1.0
322,17823,2,0.10000000000000009,1.0,1.0,3.0,36.0,3.1,1.0
322,17823,3,0.20000000000000018,1.0,1.0,3.0,36.0,2.8,1.0
323,16107,1,0.30000000000000027,1.0,1.0,3.0,28.0,2.8,1.0
323,16107,2,1.004987562112089,1.0,1.0,4.0,28.0,3.0,1.0
323,16107,3,1.0770329614269007,1.0,1.0,3.0,27.0,2.7,1.0
324,20421,1,1.5362291495737217,2.0,2.0,3.0,25.0,2.4,1.0
324,20421,2,1.57797338380595,1.0,1.0,4.0,24.0,2.5,1.0
324,20421,3,1.7916472867168918,2.0,2.0,3.0,25.0,2.9,1.0
325,5724,1,0.0,8.0,3.0,4.0,26.0,3.2,1.0
325,5724,2,1.7435595774162693,9.0,2.0,4.0,27.0,3.0,1.0
325,5724,3,2.244994432064365,7.0,5.0,4.0,26.0,3.4,1.0
326,8010,1,1.044030650891055,3.0,2.0,4.0,27.0,3.3,1.0
326,8010,2,1.118033988749895,3.0,2.0,4.0,27.0,3.1,1.0
326,8010,3,1.4177446878757827,4.0,3.0,3.0,27.0,3.7,1.0
327,15981,1,1.019803902718557,1.0,1.0,2.0,27.0,2.9,1.0
327,15981,2,1.044030650891055,1.0,1.0,3.0,28.0,2.8,1.0
327,15981,3,1.118033988749895,1.0,1.0,2.0,27.0,2.6,1.0
328,858,1,0.0,3.0,1.0,4.0,34.0,3.5,1.0
328,858,2,0.0,3.0,1.0,4.0,34.0,3.5,1.0
328,858,3,0.6000000000000001,3.0,1.0,4.0,34.0,2.9,1.0
329,13313,1,1.004987562112089,1.0,1.0,2.0,22.0,3.8,1.0
329,13313,2,1.5,1.0,1.0,2.0,23.0,3.2,1.0
329,13313,3,1.7435595774162693,2.0,1.0,2.0,21.0,3.9,1.0
330,3055,1,1.0,2.0,2.0,3.0,33.0,3.4,1.0
330,3055,2,1.1224972160321824,2.0,2.0,3.0,32.5,3.3,1.0
330,3055,3,1.1661903789690602,2.0,2.0,2.0,32.0,2.8,1.0
331,19906,1,1.004987562112089,2.0,2.0,3.0,36.0,2.4,1.0
331,19906,2,1.0770329614269007,2.0,2.0,3.0,36.0,2.9,1.0
331,19906,3,1.1575836902790224,3.0,2.0,2.0,36.5,2.8,1.0
332,7770,1,0.7071067811865476,2.0,1.0,4.0,30.0,2.9,1.0
332,7770,2,0.7810249675906655,2.0,1.0,4.0,29.0,3.0,1.0
332,7770,3,1.2206555615733703,2.0,1.0,4.0,30.5,3.1,1.0
333,1951,1,1.004987562112089,1.0,1.0,4.0,39.0,3.5,1.0
333,1951,2,1.0198039027185568,1.0,1.0,3.0,38.0,3.2,1.0
333,1951,3,1.019803902718557,2.0,1.0,3.0,39.0,3.6,1.0
334,18675,1,1.004987562112089,2.0,1.0,3.0,36.0,3.7,1.0
334,18675,2,1.16619037896906,2.0,2.0,3.0,37.0,3.2,1.0
334,18675,3,1.16619037896906,2.0,2.0,3.0,37.0,3.2,1.0
335,10084,1,0.10000000000000009,3.0,2.0,3.0,37.0,3.0,1.0
335,10084,2,0.30000000000000027,3.0,2.0,3.0,37.0,3.2,1.0
335,10084,3,0.30000000000000027,3.0,2.0,3.0,37.0,3.2,1.0
336,17548,1,0.8999999999999999,3.0,2.0,4.0,34.0,2.1,1.0
336,17548,2,1.0,3.0,3.0,4.0,34.0,3.0,1.0
336,17548,3,1.0,3.0,2.0,5.0,34.0,3.0,1.0
337,14477,1,1.4142135623730951,4.0,3.0,3.0,27.0,3.7,1.0
337,14477,2,1.469693845669907,3.0,3.0,3.0,28.0,3.1,2.0
337,14477,3,1.5362291495737215,4.0,3.0,3.0,26.0,3.3,1.0
338,9742,1,0.0,4.0,4.0,3.0,30.0,2.9,1.0
338,9742,2,1.004987562112089,4.0,4.0,3.0,29.0,3.0,1.0
338,9742,3,1.0198039027185568,4.0,4.0,3.0,29.0,2.7,1.0
339,9861,1,0.0,8.0,4.0,3.0,21.5,2.9,1.0
339,9861,2,0.5099019513592785,8.0,4.0,3.0,22.0,2.8,1.0
339,9861,3,2.974894956128703,7.0,5.0,4.0,23.7,2.8,2.0
340,5773,1,5.593746508378798,1.0,1.0,3.0,20.0,3.4,1.0
340,5773,2,5.853204250664759,2.0,3.0,3.0,20.0,3.3,1.0
340,5773,3,5.860034129593445,2.0,1.0,1.0,20.0,2.9,1.0
341,14348,1,1.445683229480096,2.0,2.0,3.0,30.0,2.4,2.0
341,14348,2,1.469693845669907,3.0,1.0,2.0,31.0,2.3,2.0
341,14348,3,1.469693845669907,3.0,1.0,4.0,30.0,3.1,1.0
342,2985,1,0.20000000000000018,10.0,10.0,4.0,45.0,3.6,1.0
342,2985,2,0.30000000000000027,10.0,10.0,4.0,45.0,3.7,1.0
342,2985,3,0.5,10.0,10.0,4.0,45.0,3.9,1.0
343,20064,1,1.4352700094407325,1.0,1.0,2.0,23.0,3.2,1.0
343,20064,2,1.6155494421403513,1.0,2.0,2.0,24.0,2.9,1.0
343,20064,3,2.3108440016582685,1.0,3.0,2.0,24.0,2.6,1.0
344,17627,1,1.42828568570857,1.0,2.0,4.0,26.5,3.2,1.0
344,17627,2,1.5811388300841898,1.0,1.0,4.0,24.0,2.5,1.0
344,17627,3,1.6552945357246849,1.0,1.0,4.0,27.0,3.7,1.0
345,10229,1,0.0,3.0,4.0,1.0,29.0,2.9,1.0
345,10229,2,1.5,3.0,3.0,2.0,29.5,2.9,1.0
345,10229,3,1.7320508075688772,3.0,3.0,2.0,30.0,2.9,1.0
346,4675,1,0.2999999999999998,3.0,2.0,4.0,39.0,3.0,1.0
346,4675,2,0.49999999999999856,3.0,2.0,4.0,39.3,3.7,1.0
346,4675,3,1.0,3.0,2.0,4.0,38.0,3.3,1.0
347,7222,1,0.10000000000000009,1.0,1.0,4.0,31.0,3.1,1.0
347,7222,2,0.8000000000000003,1.0,1.0,4.0,31.0,2.4,1.0
347,7222,3,1.0198039027185568,1.0,1.0,3.0,31.0,3.4,1.0
348,10865,1,0.20000000000000018,3.0,1.0,4.0,36.0,3.0,1.0
348,10865,2,0.9000000000000004,3.0,1.0,4.0,36.0,3.7,1.0
348,10865,3,1.0,2.0,1.0,4.0,36.0,2.8,1.0
349,19677,1,1.5,2.0,1.0,3.0,21.0,3.0,1.0
349,19677,2,1.57797338380595,1.0,1.0,2.0,23.0,3.2,1.0
349,19677,3,1.6401219466856725,1.0,1.0,2.0,22.0,3.8,1.0
350,7332,1,0.0,3.0,1.0,2.0,32.0,3.2,1.0
350,7332,2,1.469693845669907,3.0,1.0,3.0,33.0,3.6,1.0
350,7332,3,1.469693845669907,2.0,2.0,2.0,32.0,2.8,1.0
351,15099,1,1.1874342087037917,2.0,2.0,2.0,26.0,2.7,1.0
351,15099,2,1.42828568570857,2.0,2.0,3.0,25.5,3.3,1.0
351,15099,3,1.5132745950421556,2.0,2.0,3.0,25.0,2.9,1.0
352,7641,1,0.0,2.0,2.0,3.0,30.0,2.4,2.0
352,7641,2,1.2206555615733703,2.0,2.0,3.0,30.0,3.1,1.0
352,7641,3,1.42828568570857,2.0,2.0,3.0,31.0,2.6,1.0
353,8382,1,1.3747727084867523,2.0,2.0,4.0,27.5,2.8,1.0
353,8382,2,1.4177446878757827,3.0,3.0,3.0,28.0,3.5,1.0
353,8382,3,1.445683229480096,2.0,3.0,3.0,29.0,3.3,1.0
354,18178,1,0.0,4.0,1.0,4.0,36.0,2.6,1.0
354,18178,2,0.30000000000000027,4.0,1.0,4.0,36.0,2.3,1.0
354,18178,3,1.0770329614269007,3.0,1.0,4.0,36.0,3.0,1.0
355,7256,1,1.004987562112089,1.0,1.0,1.0,31.0,3.1,1.0
355,7256,2,1.0198039027185568,1.0,1.0,3.0,31.0,3.4,1.0
355,7256,3,1.019803902718557,1.0,2.0,2.0,31.0,3.0,1.0
356,14497,1,0.30000000000000027,1.0,1.0,4.0,31.0,2.4,1.0
356,14497,2,0.3999999999999999,1.0,1.0,4.0,31.0,3.1,1.0
356,14497,3,1.0198039027185568,1.0,2.0,4.0,31.0,2.9,1.0
357,15839,1,0.6000000000000001,1.0,1.0,4.0,37.0,3.7,1.0
357,15839,2,0.6000000000000001,1.0,1.0,4.0,37.0,3.7,1.0
357,15839,3,1.0,2.0,1.0,4.0,37.0,3.1,1.0
358,12903,1,1.4142135623730951,2.0,1.0,3.0,33.0,2.7,1.0
358,12903,2,1.4177446878757824,2.0,1.0,3.0,34.0,3.8,1.0
358,12903,3,1.4177446878757824,3.0,1.0,3.0,33.0,3.6,1.0
359,16546,1,0.0,1.0,1.0,5.0,29.0,3.0,1.0
359,16546,2,1.019803902718557,1.0,1.0,4.0,29.0,3.2,1.0
359,16546,3,1.0770329614269007,1.0,1.0,5.0,30.0,3.4,1.0
360,7845,1,0.10000000000000009,5.0,6.0,3.0,39.0,3.7,1.0
360,7845,2,0.5,5.0,6.0,3.0,39.0,3.1,1.0
360,7845,3,1.0198039027185568,4.0,6.0,3.0,39.0,3.8,1.0
361,7470,1,1.1661903789690602,1.0,1.0,2.0,35.0,3.0,1.0
361,7470,2,1.28062484748657,1.0,1.0,3.0,34.0,3.2,1.0
361,7470,3,1.28062484748657,1.0,1.0,3.0,34.0,3.2,1.0
362,12231,1,0.19999999999999973,4.0,3.0,3.0,33.0,3.7,1.0
362,12231,2,1.0,4.0,3.0,3.0,33.0,2.9,1.0
362,12231,3,1.0198039027185568,3.0,3.0,3.0,33.0,3.7,1.0
363,13833,1,0.0,2.0,2.0,2.0,44.0,2.7,1.0
363,13833,2,1.0770329614269007,2.0,2.0,3.0,44.0,3.1,1.0
363,13833,3,1.22065556157337,2.0,2.0,2.0,45.0,3.4,1.0
364,18024,1,1.445683229480096,1.0,2.0,2.0,24.0,2.9,1.0
364,18024,2,1.7349351572897473,2.0,2.0,2.0,26.0,2.7,1.0
364,18024,3,1.7435595774162693,2.0,2.0,3.0,25.0,2.4,1.0
365,20178,1,0.0,3.0,2.0,3.0,34.0,2.3,1.0
365,20178,2,1.0198039027185568,3.0,2.0,4.0,34.0,2.1,1.0
365,20178,3,1.044030650891055,3.0,2.0,3.0,35.0,2.6,1.0
366,14494,1,1.004987562112089,1.0,1.0,3.0,28.0,2.8,1.0
366,14494,2,1.004987562112089,1.0,2.0,3.0,29.0,2.8,1.0
366,14494,3,1.0295630140987,1.0,1.0,3.0,29.5,3.6,1.0
367,15792,1,0.3999999999999999,1.0,1.0,3.0,27.0,2.7,1.0
367,15792,2,1.019803902718557,1.0,1.0,2.0,27.0,2.9,1.0
367,15792,3,1.044030650891055,1.0,1.0,3.0,28.0,2.8,1.0
368,17641,1,1.0770329614269007,1.0,1.0,3.0,20.0,3.4,1.0
368,17641,2,1.4177446878757827,2.0,1.0,1.0,20.0,2.9,1.0
368,17641,3,1.676305461424021,2.0,1.0,2.0,21.0,3.9,1.0
369,19899,1,0.20000000000000018,1.0,1.0,3.0,27.0,2.7,1.0
369,19899,2,1.004987562112089,1.0,1.0,2.0,27.0,2.6,1.0
369,19899,3,1.0440306508910548,1.0,1.0,3.0,28.0,2.8,1.0
370,6264,1,0.0,8.0,6.0,3.0,30.0,3.2,2.0
370,6264,2,1.0770329614269007,8.0,5.0,3.0,30.0,3.6,2.0
370,6264,3,1.1575836902790224,8.0,6.0,3.0,30.5,3.5,1.0
371,1240,1,0.2999999999999998,2.0,1.0,4.0,41.0,3.2,1.0
371,1240,2,0.5099019513592785,2.0,1.0,4.0,40.5,3.6,1.0
371,1240,3,1.004987562112089,2.0,1.0,4.0,42.0,3.6,1.0
372,17805,1,0.7000000000000002,2.0,1.0,3.0,36.0,3.7,1.0
372,17805,2,1.004987562112089,1.0,1.0,3.0,36.0,2.9,1.0
372,17805,3,1.004987562112089,1.0,1.0,3.0,36.0,3.1,1.0
373,19803,1,0.2999999999999998,1.0,1.0,3.0,28.0,2.8,1.0
373,19803,2,1.0,1.0,1.0,3.0,28.0,2.5,2.0
373,19803,3,1.019803902718557,1.0,1.0,3.0,27.0,2.7,1.0
374,7523,1,1.7320508075688772,1.0,1.0,3.0,20.0,3.4,1.0
374,7523,2,2.5219040425836985,2.0,1.0,3.0,21.0,3.0,1.0
374,7523,3,2.692582403567252,2.0,1.0,1.0,20.0,2.9,1.0
375,19416,1,1.0,1.0,1.0,3.0,28.0,2.8,1.0
375,19416,2,1.2806248474865696,1.0,1.0,4.0,28.0,3.0,1.0
375,19416,3,1.4177446878757824,1.0,1.0,4.0,27.0,3.7,1.0
376,17597,1,1.004987562112089,3.0,3.0,3.0,42.0,2.9,1.0
376,17597,2,1.118033988749895,4.0,3.0,3.0,43.0,2.5,1.0
376,17597,3,1.118033988749895,3.0,3.0,4.0,43.0,3.5,1.0
377,18341,1,0.6999999999999997,7.0,7.0,4.0,40.0,3.3,1.0
377,18341,2,1.0440306508910548,7.0,7.0,4.0,41.0,2.9,1.0
377,18341,3,1.044030650891055,7.0,7.0,4.0,39.0,2.3,1.0
378,19951,1,1.2569805089976538,1.0,1.0,2.0,23.0,3.2,1.0
378,19951,2,1.315294643796591,1.0,1.0,4.0,23.5,2.8,1.0
378,19951,3,1.6401219466856731,1.0,1.0,4.0,24.0,2.5,1.0
379,4835,1,1.0,5.0,4.0,3.0,33.5,3.3,1.0
379,4835,2,1.004987562112089,5.0,4.0,3.0,33.5,3.2,1.0
379,4835,3,1.1224972160321824,5.0,4.0,3.0,34.0,3.2,1.0
380,4959,1,1.16619037896906,2.0,2.0,2.0,29.0,2.7,1.0
380,4959,2,1.4177446878757827,3.0,1.0,2.0,28.0,3.4,1.0
380,4959,3,1.445683229480096,1.0,2.0,2.0,29.0,3.0,1.0
381,17932,1,0.10000000000000009,5.0,2.0,3.0,40.0,3.1,1.0
381,17932,2,1.019803902718557,5.0,3.0,3.0,40.0,2.8,1.0
381,17932,3,1.0770329614269007,5.0,3.0,3.0,40.0,2.6,1.0
382,10824,1,0.5830951894845302,1.0,2.0,3.0,36.0,3.1,1.0
382,10824,2,0.7071067811865476,1.0,2.0,3.0,36.0,3.3,1.0
382,10824,3,1.0295630140987002,1.0,2.0,3.0,36.0,3.7,1.0
383,10108,1,0.5385164807134505,1.0,1.0,4.0,35.5,3.1,1.0
383,10108,2,0.8000000000000003,1.0,1.0,4.0,36.0,3.7,1.0
383,10108,3,1.0,1.0,1.0,3.0,36.0,2.9,1.0
384,11836,1,0.0,1.0,2.0,4.0,37.0,3.9,1.0
384,11836,2,0.5,1.0,2.0,4.0,37.0,3.4,1.0
384,11836,3,1.0198039027185568,1.0,1.0,4.0,37.0,3.7,1.0
385,7655,1,1.4866068747318506,5.0,3.0,3.0,24.0,3.5,1.0
385,7655,2,1.676305461424021,4.0,3.0,3.0,26.0,3.3,1.0
385,7655,3,1.7578395831246947,5.0,4.0,2.0,26.0,2.7,1.0
386,17458,1,1.4177446878757827,2.0,1.0,1.0,20.0,2.9,1.0
386,17458,2,2.2715633383201093,1.0,1.0,3.0,20.0,3.4,1.0
386,17458,3,2.6095976701399777,2.0,1.0,2.0,21.0,3.9,1.0
387,8321,1,0.0,2.0,2.0,3.0,22.7,3.6,1.0
387,8321,2,1.6062378404209012,3.0,3.0,3.0,23.0,2.9,1.0
387,8321,3,1.6673332000533074,3.0,2.0,3.0,24.0,3.3,1.0
388,14069,1,0.0,6.0,1.0,4.0,32.0,2.7,2.0
388,14069,2,2.0223748416156684,6.0,3.0,4.0,32.0,3.0,2.0
388,14069,3,2.177154105707724,5.0,1.0,4.0,33.5,3.4,1.0
389,1308,1,1.1357816691600546,2.0,2.0,3.0,25.5,3.3,1.0
389,1308,2,1.1575836902790224,1.0,2.0,4.0,26.5,3.2,1.0
389,1308,3,1.4594519519326425,2.0,3.0,3.0,26.3,3.7,1.0
390,2260,1,0.19999999999999973,8.0,9.0,4.0,42.0,3.2,1.0
390,2260,2,1.0,8.0,9.0,4.0,41.0,3.4,1.0
390,2260,3,1.004987562112089,8.0,9.0,4.0,41.0,3.5,1.0
391,17970,1,1.0440306508910548,1.0,1.0,3.0,27.0,2.7,1.0
391,17970,2,1.1661903789690602,2.0,1.0,4.0,27.0,3.6,1.0
391,17970,3,1.4142135623730951,3.0,1.0,2.0,27.0,3.0,1.0
392,17389,1,1.0,2.0,2.0,4.0,36.0,3.0,1.0
392,17389,2,1.0,2.0,2.0,4.0,36.0,3.0,1.0
392,17389,3,1.0,2.0,3.0,4.0,35.0,3.0,1.0
393,7705,1,0.0,2.0,1.0,1.0,30.0,2.4,1.0
393,7705,2,1.118033988749895,2.0,1.0,1.0,29.0,2.9,1.0
393,7705,3,1.469693845669907,1.0,1.0,2.0,30.0,2.8,1.0
394,1339,1,0.0,3.0,2.0,4.0,32.0,3.5,1.0
394,1339,2,0.2999999999999998,3.0,2.0,4.0,32.0,3.2,1.0
394,1339,3,1.019803902718557,3.0,2.0,4.0,31.0,3.3,1.0
395,14878,1,0.10000000000000009,1.0,1.0,3.0,34.0,3.2,1.0
395,14878,2,0.10000000000000009,1.0,1.0,3.0,34.0,3.2,1.0
395,14878,3,0.19999999999999973,1.0,1.0,3.0,34.0,3.3,1.0
396,14283,1,0.0,1.0,3.0,4.0,29.5,2.7,1.0
396,14283,2,1.1575836902790224,1.0,2.0,4.0,30.0,3.0,1.0
396,14283,3,1.224744871391589,1.0,3.0,4.0,29.0,3.2,2.0
397,19613,1,1.0440306508910548,1.0,1.0,3.0,36.0,2.8,1.0
397,19613,2,1.0770329614269007,1.0,1.0,3.0,36.0,2.9,1.0
397,19613,3,1.0770329614269007,1.0,1.0,1.0,36.0,2.9,1.0
398,10335,1,0.30000000000000027,1.0,1.0,3.0,34.0,3.2,1.0
398,10335,2,0.30000000000000027,1.0,1.0,3.0,34.0,3.2,1.0
398,10335,3,0.3999999999999999,1.0,1.0,3.0,34.0,3.3,1.0
399,7606,1,1.2688577540449522,4.0,2.0,4.0,30.5,3.0,2.0
399,7606,2,1.57797338380595,3.0,1.0,4.0,30.0,3.1,1.0
399,7606,3,1.6062378404209012,5.0,2.0,4.0,29.7,3.1,2.0
400,1624,1,1.019803902718557,3.0,4.0,3.0,35.0,3.7,1.0
400,1624,2,1.019803902718557,2.0,4.0,4.0,35.0,3.3,1.0
400,1624,3,1.0440306508910548,2.0,3.0,3.0,35.0,3.2,1.0
401,11162,1,0.0,1.0,1.0,3.0,38.0,2.8,1.0
401,11162,2,0.40000000000000036,1.0,1.0,3.0,38.0,3.2,1.0
401,11162,3,1.0,1.0,1.0,3.0,38.0,3.8,1.0
402,3180,1,0.0,1.0,1.0,3.0,20.0,3.4,1.0
402,3180,2,1.469693845669907,2.0,1.0,3.0,21.0,3.0,1.0
402,3180,3,1.8027756377319946,2.0,1.0,2.0,21.0,3.9,1.0
403,16532,1,1.118033988749895,1.0,1.0,3.0,33.0,3.5,1.0
403,16532,2,1.42828568570857,1.0,1.0,3.0,34.0,3.2,1.0
403,16532,3,1.42828568570857,1.0,1.0,3.0,34.0,3.2,1.0
404,2033,1,1.004987562112089,1.0,1.0,3.0,32.0,3.5,1.0
404,2033,2,1.0198039027185568,2.0,2.0,3.0,32.0,3.2,1.0
404,2033,3,1.019803902718557,1.0,1.0,3.0,32.0,3.6,1.0
405,16399,1,0.20000000000000018,2.0,2.0,3.0,32.0,3.2,1.0
405,16399,2,0.58309518948453,2.0,2.0,3.0,32.5,3.3,1.0
405,16399,3,0.6000000000000001,2.0,2.0,3.0,32.0,2.4,1.0
406,13228,1,0.0,1.0,2.0,3.0,36.0,3.7,1.0
406,13228,2,0.40000000000000036,1.0,2.0,3.0,36.0,3.3,1.0
406,13228,3,0.6000000000000001,1.0,2.0,3.0,36.0,3.1,1.0
407,15594,1,0.0,1.0,1.0,3.0,43.0,3.1,1.0
407,15594,2,0.20000000000000018,1.0,1.0,3.0,43.0,2.9,1.0
407,15594,3,0.8000000000000003,1.0,1.0,3.0,43.0,2.3,1.0
408,1172,1,0.0,3.0,3.0,4.0,31.0,3.5,1.0
408,1172,2,1.019803902718557,4.0,3.0,4.0,31.0,3.7,1.0
408,1172,3,1.019803902718557,3.0,2.0,4.0,31.0,3.3,1.0
409,5942,1,0.5099019513592785,2.0,1.0,4.0,30.5,3.1,1.0
409,5942,2,1.0,3.0,1.0,4.0,31.0,3.2,1.0
409,5942,3,1.004987562112089,1.0,1.0,4.0,31.0,3.1,1.0
410,356,1,0.2999999999999998,3.0,2.0,4.0,36.0,3.2,1.0
410,356,2,0.5,3.0,2.0,4.0,36.0,3.0,1.0
410,356,3,0.8999999999999999,3.0,2.0,4.0,36.0,2.6,1.0
411,1469,1,0.0,3.0,1.0,4.0,34.0,3.5,1.0
411,1469,2,0.0,3.0,1.0,4.0,34.0,3.5,1.0
411,1469,3,0.6000000000000001,3.0,1.0,4.0,34.0,2.9,1.0
412,14575,1,1.0,1.0,1.0,4.0,37.0,3.7,1.0
412,14575,2,1.0,1.0,1.0,4.0,37.0,3.7,1.0
412,14575,3,1.019803902718557,1.0,1.0,5.0,37.0,2.5,1.0
413,13166,1,0.0,1.0,1.0,4.0,37.0,3.7,1.0
413,13166,2,0.0,1.0,1.0,4.0,37.0,3.7,1.0
413,13166,3,1.0,1.0,1.0,4.0,36.0,3.7,1.0
414,9856,1,0.0,4.0,2.0,3.0,23.0,2.9,1.0
414,9856,2,1.4142135623730951,3.0,3.0,3.0,23.0,2.9,1.0
414,9856,3,1.469693845669907,3.0,2.0,3.0,24.0,3.3,1.0
415,5433,1,1.16619037896906,1.0,1.0,3.0,27.0,2.7,1.0
415,5433,2,1.469693845669907,1.0,1.0,4.0,27.0,3.7,1.0
415,5433,3,1.469693845669907,1.0,1.0,2.0,27.0,2.9,1.0
416,6681,1,0.5,1.0,1.0,3.0,27.0,2.7,1.0
416,6681,2,1.044030650891055,1.0,1.0,2.0,27.0,2.9,1.0
416,6681,3,1.077032961426901,1.0,1.0,3.0,28.0,2.8,1.0
417,10052,1,1.0,2.0,2.0,4.0,32.0,2.9,1.0
417,10052,2,1.0,1.0,2.0,4.0,31.0,2.9,1.0
417,10052,3,1.0,2.0,2.0,4.0,32.0,2.9,1.0
418,14349,1,0.4242640687119289,1.0,1.0,3.0,31.3,3.0,1.0
418,14349,2,0.6999999999999997,1.0,1.0,3.0,31.0,3.4,1.0
418,14349,3,1.004987562112089,1.0,2.0,3.0,31.0,2.8,1.0
419,20233,1,1.0,5.0,5.0,3.0,23.0,2.3,1.0
419,20233,2,1.9078784028338915,4.0,4.0,4.0,24.0,3.1,1.0
419,20233,3,2.193171219946131,6.0,6.0,3.0,24.0,3.2,1.0
420,10793,1,1.0198039027185568,4.0,3.0,5.0,27.0,2.6,1.0
420,10793,2,1.7578395831246945,3.0,4.0,4.0,26.0,2.5,1.0
420,10793,3,2.0223748416156684,3.0,2.0,4.0,27.0,3.1,1.0
421,14986,1,1.676305461424021,2.0,2.0,1.0,33.0,2.2,1.0
421,14986,2,1.7776388834631178,2.0,2.0,1.0,34.0,3.5,1.0
421,14986,3,1.8027756377319946,2.0,2.0,1.0,34.0,3.6,1.0
422,15776,1,0.10000000000000009,5.0,7.0,4.0,37.0,3.0,1.0
422,15776,2,1.0,5.0,6.0,4.0,37.0,3.1,1.0
422,15776,3,1.004987562112089,5.0,6.0,4.0,37.0,3.2,1.0
423,5499,1,0.0,2.0,2.0,1.0,33.0,2.2,1.0
423,5499,2,1.5362291495737215,2.0,2.0,2.0,32.0,2.8,1.0
423,5499,3,1.5524174696260025,3.0,2.0,2.0,33.5,2.6,1.0
424,14704,1,0.5,3.0,2.0,3.0,25.5,3.1,1.0
424,14704,2,1.0198039027185568,3.0,2.0,3.0,24.0,3.3,1.0
424,14704,3,1.019803902718557,2.0,2.0,3.0,25.0,2.9,1.0
425,932,1,0.20000000000000018,1.0,1.0,4.0,38.0,3.7,1.0
425,932,2,1.0,1.0,1.0,4.0,39.0,3.5,1.0
425,932,3,1.019803902718557,1.0,1.0,4.0,37.0,3.7,1.0
426,13868,1,1.118033988749895,1.0,1.0,2.0,23.0,3.2,1.0
426,13868,2,1.1224972160321824,1.0,1.0,4.0,23.5,2.8,1.0
426,13868,3,1.42828568570857,1.0,1.0,4.0,24.0,2.5,1.0
427,5549,1,1.16619037896906,1.0,1.0,1.0,39.0,2.8,1.0
427,5549,2,1.7320508075688772,1.0,1.0,2.0,41.0,3.2,1.0
427,5549,3,1.7916472867168916,1.0,2.0,2.0,40.0,3.3,1.0
428,19938,1,0.7810249675906655,1.0,1.0,4.0,35.5,3.1,1.0
428,19938,2,1.0440306508910548,1.0,1.0,3.0,36.0,2.8,1.0
428,19938,3,1.0440306508910548,2.0,1.0,4.0,36.0,2.8,1.0
429,4273,1,1.004987562112089,5.0,4.0,3.0,34.0,3.2,1.0
429,4273,2,1.118033988749895,5.0,4.0,3.0,33.5,3.3,1.0
429,4273,3,1.1224972160321824,5.0,4.0,3.0,33.5,3.2,1.0
430,10191,1,0.10000000000000009,1.0,1.0,3.0,28.0,2.8,1.0
430,10191,2,1.004987562112089,1.0,1.0,4.0,28.0,3.0,1.0
430,10191,3,1.0198039027185568,1.0,1.0,3.0,27.0,2.7,1.0
431,6981,1,1.2369316876852976,1.0,1.0,3.0,20.0,3.4,1.0
431,6981,2,1.6062378404209008,2.0,1.0,1.0,20.0,2.9,1.0
431,6981,3,2.0928449536456344,2.0,1.0,2.0,21.0,3.9,1.0
432,3822,1,0.20000000000000018,5.0,3.0,3.0,41.0,3.5,1.0
432,3822,2,0.40000000000000036,5.0,3.0,3.0,41.0,3.7,1.0
432,3822,3,1.0,4.0,3.0,3.0,41.0,3.3,1.0
